source_id,designation,ra,dec,phot_g_mean_mag,parallax,bp_rp,ph_qual,j_m,h_m,ks_m
605038438194455040,08540876+1214385,133.53644274148172,12.244015124971892,13.849899,1.2628479499427336,0.8438778,AAA,12.795,12.487,12.44
605002944585123968,08514577+1217052,132.94073352381454,12.284794709962112,11.045901,0.7176318700084365,1.1786642,AAA,9.548,9.056,8.902
604994904406431360,08501807+1217166,132.57526796884397,12.28791364825093,13.17542,0.7725153339759109,0.7322607,AAA,12.272,11.983,11.939
605008957539330816,08515260+1218538,132.96913972313394,12.314941024524412,12.348717,0.265256895089377,1.4631815,AAA,10.478,9.797,9.633
605009949676900352,08513862+1220141,132.91088699683638,12.337297328829862,12.697912,1.167490616534254,1.0938492,AAA,11.298,10.866,10.791
605057370410199552,08542460+1223444,133.60247648461566,12.3957077218875,13.37883,2.0649272003052803,0.82751656,AAA,12.283,11.95,11.889
605106917152970112,08523987+1230357,133.16609491589864,12.509913097740068,12.154999,2.731091466442152,0.72537994,AAA,11.204,10.946,10.895
598662267185815168,08514248+1050517,132.92699066881812,10.847735027424289,13.692954,0.7037887135747246,1.0464935,AAA,12.363,11.878,11.864
598664260050633984,08513551+1056541,132.89796620331197,10.948361997995578,13.763751,0.7157611216999545,0.62529564,AAA,12.943,12.746,12.67
598624437113819520,08523047+1059030,133.12697860742088,10.984115973713626,13.550386,1.5832017649406265,0.7627287,AAA,12.555,12.295,12.26
598669650234342656,08514539+1102221,132.93911029088642,11.039474340119046,12.366621,1.8509299602786056,0.6797247,AAA,11.484,11.267,11.222
598849596479562752,08500047+1105226,132.50197977423795,11.089566114722697,11.712419,0.594787428110692,1.2743292,AAA,10.083,9.554,9.403
598880863841395456,08501989+1121305,132.58274281666792,11.358474534099894,9.22126,3.051698816084345,0.3861456,AAA,8.715,8.607,8.566
604689961727982336,08535450+1122322,133.47709414834108,11.37565344028996,13.296101,1.3349181489927298,0.7957535,AAA,12.303,12.018,11.967
598919312388563584,08480029+1123356,132.00121358314146,11.39325133483982,12.502362,1.0476416742563903,0.8595333,AAA,11.398,11.082,10.984
604691022584872832,08534725+1124504,133.44686827167598,11.41402214430478,13.988441,0.8299849195380646,0.64443207,AAA,13.14,12.922,12.878
598885738628962432,08510600+1125454,132.77495621844088,11.429279374425027,13.397335,1.2302463529123318,0.7503891,AAA,12.411,12.171,12.116
604703052788343296,08522003+1127362,133.08341951956004,11.460060090955055,12.240408,1.1764006095470585,1.1248617,AAA,10.839,10.383,10.253
604891923975026816,08515287+1129567,132.97026647119128,11.499108851098631,13.063472,1.0905656099421337,0.73351,AAA,12.12,11.873,11.802
604669341589319296,08550235+1130094,133.7598150778067,11.50259068497124,13.392462,0.9974450193413262,0.61402416,AAA,12.591,12.37,12.291
604707343460594048,08532468+1131303,133.35281987616312,11.525055940035964,10.412229,0.9248368026949636,1.6136198,AAA,8.4,7.713,7.55
604891550313644672,08514236+1132069,132.92644772978355,11.535298813955473,13.050789,1.1928781905188317,0.7391615,AAA,12.174,11.86,11.802
604896395036758528,08512993+1135112,132.87466139670332,11.586422750222024,12.576983,1.1767322900760782,0.74893,AAA,11.62,11.366,11.317
604712158118974080,08530818+1136440,133.2840537867722,11.612214220121189,13.350185,1.862545538965649,0.81017303,AAA,12.317,12.035,11.985
604897631987335296,08512648+1138368,132.8602897050583,11.6435687214845,13.536232,1.1444482936268856,0.7390928,AAA,12.596,12.365,12.251
604899831010539904,08520629+1138411,133.02616909433013,11.644733801183666,13.292193,1.3099237661059129,0.7456989,AAA,12.315,12.054,11.992
598956970661777792,08490942+1140460,132.28923099990658,11.67941550944402,13.6157875,1.3067261313184322,0.7695322,AAA,12.604,12.297,12.241
604910001493155584,08510951+1141449,132.78956168903517,11.695828299801674,12.601999,1.2237860664089295,0.9179535,AAA,11.445,11.102,10.997
598966213431423488,08475235+1142430,131.96804535285182,11.711931530201056,12.81342,2.0898732982170305,0.83782196,AAA,11.749,11.465,11.386
604902167472726784,08521868+1143246,133.0778133194612,11.723495850329517,12.536666,1.1919295679244553,0.739871,AAA,11.59,11.352,11.259
604910443873993600,08511833+1143251,132.82635064638183,11.723653029684678,13.27827,1.133188255371952,0.7482071,AAA,12.343,12.046,12.012
604904469575229696,08514597+1144093,132.9414876335358,11.735921979596029,13.2420635,1.145300527406056,0.7311497,AAA,12.32,12.064,12.0
604911478961895424,08511178+1145220,132.7990288171814,11.756134765684449,10.008406,0.9783095374038498,-0.10200405,AAA,10.137,10.224,10.228
604917285757662592,08512205+1146409,132.8418298007512,11.778044916604935,13.048145,1.1692371122511642,0.7472763,AAA,12.117,11.869,11.782
604916564203137280,08513724+1146557,132.9051594687394,11.782137561557407,13.848256,1.1426469907698855,0.81522465,AAA,12.785,12.459,12.422
604917560635577472,08511476+1147238,132.81145056489564,11.78999323335232,12.681729,1.1505415402558807,0.735446,AAA,11.747,11.495,11.43
604917453260607488,08512869+1148021,132.86951967073117,11.800595695400723,13.629351,1.1273424033916668,0.8505039,AAA,12.526,12.165,12.077
604730192685958528,08551580+1148582,133.81561408099205,11.81623452838638,13.011594,3.5059895731827484,1.0543966,AAA,11.701,11.249,11.186
604917659419033600,08512595+1149089,132.8580872508589,11.819144373157416,13.090845,1.1427199543664086,0.7459774,AAA,12.144,11.89,11.807
604918144751101440,08512898+1150330,132.87074596744992,11.84252187991014,10.236862,1.1786681739848954,1.2579422,AAA,8.566,8.072,7.958
604964904059073024,08494611+1150351,132.44207766707777,11.84312983902318,11.808116,0.8530811800023188,1.1647301,AAA,10.317,9.792,9.666
604918247830309376,08513191+1151166,132.88293843194865,11.854615380482144,13.85127,1.1551143577898344,0.80101585,AAA,12.835,12.503,12.442
604920957953908864,08511362+1151182,132.8066858189857,11.855077647183508,13.462174,1.1547919457577276,0.7255087,AAA,12.555,12.273,12.225
598974799070364928,08482667+1151433,132.11110013240975,11.86200472499462,13.133862,0.981563022832248,0.7269106,AAA,12.209,11.953,11.914
604938721938124416,08532673+1200179,133.36123290755913,12.004980695979924,13.671204,1.0969313094929534,0.8069868,AAA,12.619,12.306,12.269
604995557241423488,08512839+1203162,132.86824245628247,12.054594721514992,12.804457,3.236482509901652,0.89615154,AAA,11.657,11.285,11.218
604948862357149184,08515318+1203320,132.97156563582467,12.058883053659038,13.758011,1.1287080324056935,0.7705841,AAA,12.785,12.54,12.46
604946835132357120,08523413+1204292,133.14221181714262,12.074767164470488,13.109818,1.124837526076483,0.7485132,AAA,12.162,11.906,11.846
604991807734206848,08495368+1211092,132.47364952012154,12.185968263936148,12.080585,21.778931131569085,2.0563898,AAA,9.745,9.148,8.95
604954458698289536,08533218+1211102,133.3840240270482,12.18619089142688,13.609751,0.8028434103683946,0.71841335,AAA,12.693,12.437,12.364
607991829506000256,08480751+1211126,132.03133963119168,12.186803262781613,12.518085,0.4400478065366957,1.2985001,AAA,10.876,10.34,10.192
605044068895950336,08544476+1218017,133.6864377663809,12.300430082881084,13.465017,1.904073093144197,0.8273144,AAA,12.423,12.075,12.031
605006964674468352,08525296+1219029,133.2206086984108,12.317435077065632,11.229234,3.6526859386192254,0.6931009,AAA,10.369,10.105,10.056
605020330612762624,08510016+1224430,132.75062714380596,12.411926645945154,13.718393,1.1417018894543072,0.842082,AAA,12.706,12.441,12.37
608022959428902272,08501696+1227014,132.57063017012504,12.450378650713136,13.578494,1.183328909334348,0.73156834,AAA,12.686,12.402,12.38
598638662045573760,08512634+1048144,132.85974038194516,10.804023780989048,13.809364,0.7929417783955918,0.697649,AAA,12.938,12.685,12.623
608039104210416128,08492218+1231420,132.34233486088382,12.528327754275644,13.573101,2.271050145283504,1.0229254,AAA,12.31,11.875,11.774
598616293855857664,08521025+1051232,133.0426858357576,10.856399840955222,13.450183,1.345385043402015,0.84049416,AAA,12.374,12.089,12.011
605119355378262912,08522257+1234205,133.09401241925795,12.5723930756392,11.905598,2.3176040311618364,0.6620159,AAA,11.092,10.855,10.812
608032786314046848,08512397+1237370,132.85035628309214,12.62570335132271,13.324881,4.827027148797511,1.3563671,AAA,11.631,11.046,10.895
608127481752974720,08514861+1243210,132.95251378338978,12.722496461145388,13.995545,0.7957690188290903,1.1139946,AAA,12.576,12.105,12.036
604630107063758720,08540192+1109463,133.50806056241677,11.162854162622184,13.33943,4.189710392713163,1.2116671,AAA,11.84,11.315,11.206
598855231476599680,08493659+1113152,132.40233942119545,11.220848666609417,13.229867,1.811820194539545,0.8022108,AAA,12.174,11.886,11.787
604682265146623232,08530208+1115378,133.25883388437325,11.260503186841492,13.195863,2.32926226620624,0.8516121,AAA,12.117,11.774,11.701
598694286166737024,08505858+1115556,132.7440520280039,11.265396535440008,12.050609,1.2901138299438697,1.0478725,AAA,10.67,10.238,10.138
604686079079126400,08530650+1120072,133.2771710996937,11.3352756631123,11.738188,4.611535821231636,0.94078636,AAA,10.496,10.096,10.048
604700849470046976,08520152+1123226,133.00632579631824,11.389579886328749,12.94739,2.765952747111809,0.9258995,AAA,11.786,11.425,11.381
598899791761930368,08501057+1127257,132.54406000010886,11.457130510336423,11.852529,1.8455163423358796,0.57238674,AAA,11.097,10.989,10.916
604714455925797248,08543326+1128286,133.63855545716626,11.474564551490678,12.226449,1.424293733996442,0.7161131,AAA,11.344,11.101,11.034
604668830488853376,08545427+1128504,133.72611898534228,11.48069547255826,13.447787,0.94987815712585,0.65224266,AAA,12.604,12.353,12.302
604894196013523584,08511156+1130500,132.79818781785212,11.513872079909683,13.391685,1.1881932825636885,0.8680649,AAA,12.341,12.057,11.925
604715417998469376,08541444+1131119,133.56012751373257,11.51996348917836,13.703451,0.2178819563636911,0.89166546,AAA,12.516,12.151,12.114
598949171001193344,08481407+1133318,132.05864568170333,11.55877880906784,13.792556,0.5736318585150569,1.0788317,AAA,12.421,11.956,11.875
604708790864617344,08530535+1134477,133.27223150913105,11.579903662294974,12.487086,1.182434807474522,0.7848873,AAA,11.502,11.226,11.174
604896498115955968,08514307+1136288,132.92939612707843,11.608003894698795,13.98377,1.1711731381142008,0.89772415,AAA,12.854,12.506,12.439
604712364277317760,08531368+1138354,133.30699655984208,11.643170418539922,13.0958,1.871557053704074,0.8556175,AAA,12.023,11.668,11.634
604912196220603264,08502833+1142097,132.6180038117233,11.702717639238989,12.782185,1.1940471554837702,0.69627,AAA,11.899,11.654,11.587
598955218315109120,08495786+1142484,132.49108976820182,11.713441910891351,13.097421,0.7189209151364152,0.685791,AAA,12.218,11.964,11.915
604910310730772992,08513012+1143498,132.87549486282987,11.730511618992647,12.992477,1.138710628995105,0.75508595,AAA,12.011,11.761,11.694
604911410242410752,08511799+1145541,132.82491602481585,11.765053547768014,12.604912,0.4388331104105751,0.73987484,AAA,11.641,11.357,11.295
604916559907415040,08513600+1146335,132.89999250235624,11.775989013779908,12.513201,1.146439920421915,0.8826494,AAA,11.38,11.075,11.0
598969168368919040,08475131+1147500,131.96375856111305,11.797198220322606,11.226116,2.0311050307752807,0.616622,AAA,10.43,10.253,10.201
604918591427679104,08514914+1149435,132.95471746722504,11.828766070130046,12.545654,1.181074019560715,0.75865173,AAA,11.57,11.308,11.242
604918213470564992,08513784+1150570,132.90764848085288,11.849179731498772,13.323231,1.1352754639503018,0.74468994,AAA,12.389,12.147,12.085
604919450421136000,08514832+1151118,132.95130645659663,11.853308118669334,12.359346,1.2044516648749155,0.83065796,AAA,11.316,11.012,10.943
604921924322164608,08505816+1152223,132.74227388877856,11.87286832465289,12.614841,1.2046753934273815,1.115695,AAA,11.197,10.707,10.626
604919789722800256,08514007+1152433,132.91693931839475,11.878705222461525,13.6506815,1.1667045150912894,0.76056576,AAA,12.666,12.386,12.35
604922779020036992,08513194+1153117,132.8830724393302,11.88658613865033,12.938089,1.1599406816400124,0.73738,AAA,12.013,11.724,11.67
604924776180388736,08513324+1159411,132.888485213631,11.994766716648751,13.652542,1.090534475372965,0.8121443,AAA,12.584,12.254,12.222
604937484987542272,08534794+1202435,133.44970731992197,12.04545449557683,13.466778,0.6347682943848467,1.2252417,AAA,11.937,11.394,11.274
604946732053144576,08523077+1204170,133.12820868227615,12.071358065332053,13.060335,1.1628248034510882,0.7601719,AAA,12.076,11.848,11.772
604955901807302784,08524022+1208366,133.16763113107297,12.143455430707686,11.2309065,1.5703961860049216,1.2240438,AAA,9.69,9.248,9.072
604953741439956224,08532275+1208484,133.34473258122853,12.146820770767548,11.516246,0.6387339297251202,1.2001286,AAA,9.971,9.443,9.337
605048570021679232,08534172+1214386,133.42373554000588,12.243933928010886,13.843091,3.3538811286074166,1.3109789,AAA,12.251,11.672,11.599
605004971811415808,08521746+1215197,133.0727343699015,12.255554556750605,12.231642,1.5027755568016552,0.7086382,AAA,11.324,11.068,11.024
605049806972258560,08534043+1217021,133.41844360842424,12.283908349783484,13.747469,1.4622815848131865,1.0191517,AAA,12.471,12.088,12.006
605052899348710016,08532241+1218406,133.34327395624504,12.311242705726531,12.25603,0.669986921245594,1.2687149,AAA,10.625,10.025,9.944
598639211801401088,08510446+1048469,132.7686761166671,10.812859965604671,13.297141,2.068649921457614,0.8511381,AAA,12.197,11.846,11.794
608028216468871424,08500627+1232397,132.5260786808977,12.54436630211472,9.909638,2.391506910962657,0.41421986,AAA,9.34,9.228,9.202
608028319548080896,08502195+1232498,132.59152138107862,12.547139571562472,13.641307,1.1076569253956274,0.69594955,AAA,12.755,12.485,12.443
598617187209051392,08521328+1052321,133.05531571492236,10.875582170748295,11.31136,2.3010246059627697,0.6116781,AAA,10.52,10.293,10.256
598655803259768832,08502770+1054486,132.61538690604246,10.913490708962447,13.617762,1.3763608630311457,0.7390766,AAA,12.618,12.388,12.308
605128323269956224,08524717+1240354,133.19658209193472,12.67653088445108,13.758909,0.5298541438745014,0.6263218,AAA,12.987,12.778,12.751
598669173493218432,08512967+1100457,132.87362711997878,11.012698235587138,13.721158,0.9745241675964368,0.70360947,AAA,12.745,12.505,12.451
598625296107256320,08531108+1100596,133.2961441325748,11.016592422728504,11.5164,0.7774031255275894,1.4498262,AAA,9.701,9.084,8.948
598852517057287936,08490048+1106352,132.25194474725413,11.10975833956875,12.935295,1.143110668422728,1.1668549,AAA,11.444,10.932,10.845
598676629556416512,08515152+1107163,132.9646339531621,11.121193964400616,12.186009,1.1652360035949512,1.1453934,AAA,10.694,10.262,10.182
598694939001774976,08511232+1118387,132.80129811118806,11.310754193936814,13.909688,1.1511070382346564,0.77478313,AAA,12.965,12.657,12.568
598892404418185600,08491569+1121516,132.31539714788542,11.36434636321784,13.070013,1.5155366862844026,0.8836279,AAA,11.969,11.679,11.592
604714352846582912,08543339+1127233,133.63895990981555,11.456487385699988,11.318427,4.436167006378394,0.73017025,AAA,10.395,10.126,10.1
604703941846497280,08520906+1128016,133.0376870330997,11.467104244354235,13.140885,1.1452746975719046,0.73240185,AAA,12.119,11.896,11.839
598937175156862464,08474341+1131390,131.9310114930577,11.527374747694214,12.055201,2.148457995395584,0.794446,AAA,11.028,10.689,10.674
604893268300548224,08514790+1134454,132.9496166552421,11.579307006531138,13.572885,0.1712391887032309,1.2676353,AAA,11.933,11.345,11.229
604895707842014080,08505786+1135148,132.74102200450398,11.58743951391394,13.932858,1.0941891079470014,0.7817707,AAA,12.921,12.603,12.563
598905667277186304,08494999+1135258,132.45823580354235,11.590414578905769,10.399834,2.2979769746454566,0.654974,AAA,9.557,9.374,9.264
604893676321680128,08515525+1135334,132.98015305512942,11.592638913347807,13.891024,1.126502588701083,0.7666836,AAA,12.918,12.696,12.551
598941611858764672,08472563+1137171,131.85670499106317,11.621379481659345,13.812769,1.8156189330649093,0.96257114,AAA,12.579,12.2,12.104
604897906866824448,08512079+1139400,132.83658070499246,11.661139389314569,13.543837,1.1068811034069663,0.7501888,AAA,12.595,12.345,12.28
604908863325982976,08504250+1139493,132.67703242444696,11.663719399426444,13.282914,1.1561761278494642,0.7429552,AAA,12.341,12.143,12.032
604910688687928576,08510131+1141587,132.75541795747603,11.699663661408358,13.357633,1.136588696349382,0.7251568,AAA,12.42,12.167,12.075
604904156041874560,08514847+1142228,132.95189365423684,11.706350079233795,13.885436,1.1591146785838828,0.7747469,AAA,12.878,12.593,12.54
604910340794779264,08511810+1142547,132.8253723308156,11.715199750360563,13.132758,1.1652108145702802,0.757637,AAA,12.186,11.879,11.844
604914468259140224,08510325+1145473,132.76351880731738,11.763156733182734,12.504823,1.211770448373849,0.78692245,AAA,11.491,11.22,11.187
604917217038188288,08512156+1146061,132.83980053555695,11.768381809009758,11.146684,1.1829045294358238,1.2154837,AAA,9.602,9.085,8.947
604917831217881728,08513322+1148513,132.88838980140608,11.814249844635672,12.55852,1.1512501389072944,0.76616,AAA,11.563,11.299,11.228
604915499051114496,08503667+1148553,132.6527469052105,11.815353750957756,12.900631,1.103726297596693,0.77776337,AAA,11.93,11.628,11.578
604961090128295808,08502376+1148573,132.59895697705852,11.81599381369512,13.398663,1.053006705244615,0.6548977,AAA,12.535,12.268,12.255
604914983655019520,08510212+1149012,132.75879094360027,11.817018317411668,13.173609,1.279918690167404,0.7937145,AAA,12.108,11.807,11.718
604918522708195584,08515611+1150147,132.9837699182939,11.83743920414589,12.650929,1.1802394172312327,1.1399078,AAA,11.197,10.726,10.634
604920889234433792,08510857+1150530,132.7856508171565,11.848060001397988,13.643402,1.1601748817212127,0.74637127,AAA,12.703,12.438,12.366
604921374566321920,08512175+1152378,132.84058944598144,11.877177636754924,11.133349,1.1213831680840651,0.80954266,AAA,10.105,9.816,9.76
604966076586017024,08493684+1153221,132.40352607470527,11.889505089429166,11.001099,0.7822257211680165,1.297349,AAA,9.367,8.821,8.689
598976040316766976,08482833+1153288,132.11809466202973,11.891315810423508,11.789179,1.6220136071470397,0.55651855,AAA,11.084,10.913,10.87
604923126912959104,08513206+1155085,132.88354241088408,11.91905446290901,13.500302,1.1911351747846974,0.80389977,AAA,12.479,12.17,12.11
604923607949288064,08513638+1156507,132.9015545710283,11.947444044473947,13.826932,1.151258927446204,0.7705164,AAA,12.816,12.559,12.475
604924290848519168,08511897+1158110,132.8290048736963,11.969719492414637,12.04278,1.1621499864326637,1.1389227,AAA,10.587,10.095,10.012
604971020092675328,08504869+1200091,132.70285566126088,12.00252748114649,12.631922,1.1260073740133676,0.7244501,AAA,11.711,11.464,11.422
604949377753016448,08521016+1202542,133.0432278919469,12.046470935867172,11.671573,14.764077910530922,1.4746809,AAA,9.892,9.255,9.144
604940409861468416,08534114+1203138,133.4213474618509,12.05365774410273,11.227923,3.457624364139733,0.7169323,AAA,10.303,10.052,9.999
601985227547490048,08480413+1204155,132.0170820977208,12.070880461466682,13.159088,3.8234341574273527,1.2842178,AAA,11.454,10.924,10.774
604987070386114688,08502259+1205107,132.59406939106276,12.086272823632097,13.75739,1.1862181835380194,0.76067543,AAA,12.818,12.534,12.461
604987134809791488,08502052+1205346,132.5854629608798,12.092972923040284,13.836196,0.8372732287738355,0.6913252,AAA,12.945,12.678,12.626
604985249320010496,08493681+1206367,132.40333558549148,12.110175059285176,13.623272,0.991450621810758,0.74432945,AAA,12.66,12.444,12.345
604955287627960448,08532314+1212091,133.346319903829,12.202543651056375,12.865248,1.1781419271179916,0.745492,AAA,11.93,11.65,11.616
607992722859180544,08485384+1212496,132.22433012235973,12.213747992038805,13.732651,2.304374955769114,0.9885349,AAA,12.511,12.117,12.012
602000075250173056,08474187+1214007,131.92443859278396,12.23346654221231,13.469939,0.4616018798665183,1.20362,AAA,11.906,11.379,11.276
604994045412975744,08501869+1216011,132.57780399214332,12.266945375472366,13.986189,1.1463666453012733,0.775403,AAA,13.02,12.712,12.65
605050567182021376,08535840+1217240,133.49329087636812,12.29003125956243,13.20649,1.682094506740398,0.7186737,AAA,12.286,12.033,12.005
607997327064152192,08494191+1218105,132.4245471600598,12.302892428739163,13.021972,1.7143058978591952,0.82635593,AAA,11.997,11.715,11.644
605052388248149504,08535731+1223031,133.48873336112638,12.384181478921846,11.6853895,0.6032292128958664,1.1849356,AAA,10.149,9.64,9.51
605058332482881152,08540576+1224401,133.5238054795477,12.41131730814046,13.927414,0.6866446986572419,0.82941914,AAA,12.051,11.735,11.666
605058332482467840,08540576+1224401,133.52416399712007,12.411011961985142,13.462326,0.7705933041206385,0.66058636,AAA,12.051,11.735,11.666
605021116591933824,08505115+1225190,132.71325610359077,12.421787125300176,10.527614,4.151734589886003,0.69538116,AAA,9.655,9.419,9.339
608014610012506496,08490477+1225354,132.26986847124104,12.42645471068176,13.385054,0.9940707678965494,0.71616745,AAA,12.433,12.219,12.138
608016534157850624,08485734+1231237,132.23892784157587,12.5231673193237,12.661743,2.1883783678196385,0.7651987,AAA,11.69,11.382,11.334
605119282363411584,08522391+1233012,133.0997058533598,12.55030909032231,12.762652,3.980521125589877,1.0361137,AAA,11.486,11.037,10.982
598848050291339008,08492378+1101402,132.3491606692541,11.027833179431571,13.667142,1.14447609846565,0.7588682,AAA,12.678,12.395,12.342
608128748768300544,08513406+1245412,132.89182607069588,12.761424028967632,13.899386,1.3778696978742506,0.8985529,AAA,12.734,12.445,12.271
604633611757089280,08532490+1110076,133.35376416877173,11.168706368889524,13.876568,1.2424176228874706,0.90582275,AAA,12.734,12.365,12.299
604633229504945536,08535769+1111576,133.49037636433,11.199339428242,13.399747,1.7564421006515458,0.7913914,AAA,12.372,12.072,12.009
604684532889373952,08522627+1116340,133.10942452354703,11.276102502624532,13.135402,1.1489719174965265,0.7453089,AAA,12.186,11.887,11.828
604682501369762048,08532173+1117146,133.34051923140788,11.28739417204468,13.767611,1.1498992967697386,0.7681093,AAA,12.821,12.506,12.478
598880034912375296,08501415+1118599,132.55886145640542,11.316648861982229,12.612165,1.8667077335577928,0.72577286,AAA,11.707,11.456,11.398
598886735063684480,08502145+1122265,132.58939005921115,11.374038018835146,12.008596,0.4753808495158929,1.1321716,AAA,10.561,10.043,9.957
598887594054812288,08501862+1124283,132.57755317060142,11.407827304973624,8.447178,1.8642634783410876,1.2570438,AAA,6.8,6.263,6.129
598896458867311104,08490142+1124548,132.25589880390748,11.415188169669776,12.611891,0.4220160085321864,1.2413874,AAA,11.021,10.428,10.32
598894916974397696,08494240+1126145,132.4266570786717,11.43730827456068,12.681846,1.062263625841606,0.7525873,AAA,11.696,11.47,11.386
598885944787392000,08511117+1126349,132.79650541694713,11.443016079770697,13.710828,1.2220427845540116,0.7520733,AAA,12.786,12.47,12.419
604891481594176384,08513485+1131066,132.89518984628128,11.51851904430572,13.883233,0.775270555591721,0.65370274,AAA,13.05,12.801,12.74
604891722112350976,08512484+1131429,132.85354830140668,11.528599290835023,13.811379,1.068603968367988,0.69475746,AAA,12.932,12.676,12.617
598904434621915648,08495218+1132483,132.46745032689606,11.546701590991397,13.626239,0.9162695121955876,0.76338196,AAA,12.63,12.361,12.313
604893165221338752,08514843+1133157,132.95177495060736,11.554387879369513,11.738488,0.8252784835381145,1.1636448,AAA,10.239,9.736,9.651
604907454576711040,08505567+1135354,132.73191346535205,11.593182183493196,13.221919,1.181098739399472,0.7373276,AAA,12.294,12.041,11.959
604893882480109056,08515190+1136472,132.96618596563215,11.6131766389482,13.984864,1.102014663833797,0.7169771,AAA,13.059,12.773,12.762
604709306260679680,08532368+1137214,133.34863262493116,11.622655371850152,13.962356,1.3153558768675266,0.8839426,AAA,12.864,12.577,12.504
604733598595688064,08540157+1139340,133.5064483252769,11.659440427291935,13.346155,1.3669854255495884,0.7696667,AAA,12.321,12.003,11.97
604713463788946560,08525964+1140414,133.2484562564359,11.678151350650824,12.453174,1.1351720682894442,0.76896,AAA,11.488,11.196,11.151
598965693739703424,08474768+1140414,131.94867076939198,11.678140230690303,13.252398,0.9515656518112956,0.715086,AAA,12.366,12.114,12.032
598958684353074048,08485984+1144514,132.2492939416199,11.747583445858773,12.789718,1.0719890789790365,0.5868635,AAA,12.022,11.846,11.773
604911337227185920,08512122+1145526,132.83837961665486,11.764643151338875,12.110562,1.174836191439256,0.75057983,AAA,11.135,10.888,10.835
604911547681373184,08510864+1146117,132.78594423114305,11.769934829752874,13.283351,1.1187219312607466,0.7329941,AAA,12.365,12.079,12.016
604917285757663872,08511990+1147003,132.83289299566326,11.783437016563388,12.022738,1.1179582584779246,0.615633,AAA,11.205,11.021,10.99
604917354477128448,08512990+1147168,132.87455586768024,11.788004957491042,9.234212,1.1672326381545282,1.4871311,AAA,7.314,6.681,6.489
604914807560715776,08505316+1147341,132.72147078901816,11.792819741066614,13.150158,1.1836007680559986,0.76391125,AAA,12.173,11.879,11.819
604917045239468544,08513904+1147553,132.91266321981394,11.798712202154752,13.555792,1.1531446485802408,0.82334423,AAA,12.501,12.199,12.146
604961678539503232,08495712+1148512,132.48804569286,11.814223461133764,11.26396,2.6685891173443395,0.63154316,AAA,10.438,10.232,10.18
604917835513456512,08513259+1148520,132.88576013498908,11.814459418206557,11.031843,1.122584325468417,0.28442955,AAA,10.645,10.541,10.526
604926631606409600,08525625+1148539,133.23432987976173,11.814967642336816,12.279008,1.1664806125391356,1.1526117,AAA,10.839,10.315,10.224
604920648716270848,08511854+1149214,132.82720496614647,11.822630402974744,12.492557,1.1465633762064429,0.78215504,AAA,11.506,11.229,11.145
604920786155223552,08510524+1149341,132.7717921169326,11.826132729168837,13.612037,1.1705226025286304,0.7541914,AAA,12.648,12.349,12.282
604914983655018496,08510155+1149342,132.75640409617554,11.826187033639432,12.506425,1.226805421256137,0.790575,AAA,11.497,11.205,11.135
604920687371751936,08512012+1150231,132.83380736373863,11.83978233596769,13.801401,1.13939745499583,0.76132584,AAA,12.843,12.587,12.506
604918831945837312,08515600+1151264,132.9833092588771,11.85732935077166,10.533549,2.0087919492500825,0.32046223,AAA,10.097,10.052,9.98
604978102494447744,08492689+1154417,132.36203895899553,11.911604139282009,12.678184,1.3668393420388716,1.169589,AAA,11.155,10.654,10.538
604924393927734528,08513540+1157564,132.89746945791592,11.965697024871444,12.607555,1.214340719579074,0.9111614,AAA,11.447,11.143,11.03
604937729801869056,08540955+1203371,133.53973540421316,12.060178342789918,10.7438135,6.008151959743566,0.763155,AAA,9.79,9.5,9.434
607989080726947840,08491149+1211177,132.29793708591745,12.188244399747855,10.967781,0.4080369227985048,1.5820637,AAA,9.0,8.266,8.083
604999371172329856,08515939+1213509,132.99742560676222,12.230743611941872,13.88075,1.207512707657743,0.835248,AAA,12.821,12.537,12.443
608004680049143552,08475364+1213548,131.9735159104052,12.231783656321436,13.205367,4.017366764298704,1.0186949,AAA,11.684,11.258,11.175
605044107551277952,08544578+1218431,133.69070670081183,12.311917938636972,11.357726,2.8572783763606733,0.6292763,AAA,10.555,10.345,10.294
605021911160697344,08514025+1222363,132.91772300836567,12.37678710617139,12.157337,2.054669295158018,0.60427284,AAA,11.375,11.163,11.132
608039516527274368,08494324+1234011,132.43017736709675,12.5670146361548,13.322813,1.1094213297226134,0.84559345,AAA,12.234,11.927,11.853
598655047345524864,08501049+1054465,132.5436678181729,10.912931878888395,12.455533,1.3521372746329112,0.85964775,AAA,11.351,11.031,10.967
608032030399809536,08505319+1237116,132.7216517564087,12.619908510446663,13.194006,0.4687211718514233,1.0835629,AAA,11.795,11.309,11.203
608033606653159296,08505713+1238471,132.7380202782184,12.646417921075413,13.182734,0.857284233322204,0.52958775,AAA,12.502,12.321,12.285
608127894069843072,08512423+1241580,132.8508698132321,12.69945658136983,13.7114935,2.243469135002923,1.027854,AAA,12.449,12.016,11.945
608037184360559616,08510203+1242304,132.758438773197,12.708214047098124,13.5422535,1.1533932760578394,0.79469967,AAA,12.475,12.16,12.102
598659587126274816,08495268+1100195,132.46955330366848,11.005366077653322,13.835823,3.1214200427225878,1.5237036,AAA,12.045,11.421,11.28
598681195106420480,08503950+1102288,132.66448552422605,11.041248178319146,12.34432,2.488608306822244,0.8350334,AAA,11.31,10.965,10.893
598859797029231744,08481502+1108429,132.06261349961085,11.14518695983062,12.219125,2.143445390343499,0.8291073,AAA,11.173,10.875,10.827
604679482007819136,08530638+1111076,133.27655281045537,11.185457917206426,13.960124,0.8804035069436297,0.78061676,AAA,12.959,12.654,12.54
598689411379091328,08513890+1111389,132.9120639145051,11.19414674939474,13.480872,1.163367787440378,0.74345875,AAA,12.526,12.275,12.184
604640174467097600,08535476+1114273,133.47819885841082,11.240923725183212,13.730452,0.2106105392839231,1.1312408,AAA,12.268,11.759,11.685
598878596098082560,08500303+1116420,132.51255948987765,11.278377318651398,12.089318,2.689591639164288,0.7203131,AAA,10.455,10.247,10.138
598878596098675328,08500303+1116420,132.51248777971577,11.278267781705356,12.104284,3.235389325032412,0.72277164,AAA,10.455,10.247,10.138
598890862525288192,08492586+1116571,132.35764992534652,11.282483584544524,10.877777,3.7904457697961,0.8536606,AAA,9.803,9.515,9.412
598882135151700352,08505526+1117352,132.73018380331868,11.29310277845547,12.525614,0.7586952774785911,1.1674032,AAA,11.025,10.533,10.397
598918487754966400,08475471+1120113,131.9779157863867,11.33651209693959,13.084971,2.4892218226108,0.85773563,AAA,11.986,11.649,11.584
598895329291278080,08491101+1121346,132.2957618393964,11.3596046688625,12.750658,1.493583969663199,0.77219105,AAA,11.77,11.514,11.429
604698001906811136,08522086+1121472,133.0869250988512,11.36314814499032,11.053327,0.740460336335889,1.1519308,AAA,9.564,9.1,8.972
598892855390106368,08492586+1123185,132.3576944874687,11.388490903728403,13.282307,2.3970283716009395,0.9202032,AAA,12.159,11.759,11.727
598920751201927936,08480688+1124102,132.0286713456083,11.402896417440068,12.339247,1.972704556727907,0.702754,AAA,11.431,11.183,11.131
598886120881330816,08510824+1126272,132.7842802333048,11.440873819266116,13.816915,1.739381608084268,1.0322666,AAA,12.52,12.045,11.98
604693977522370304,08532058+1128556,133.33567326579913,11.482171146271208,12.03642,2.488377914846412,0.70110226,AAA,11.099,10.901,10.836
604708619065925376,08530745+1133583,133.28104685612217,11.566099657819892,13.671642,3.400424467097056,1.2761393,AAA,12.121,11.556,11.482
604898250462621696,08512643+1140125,132.85996801945885,11.670185267066294,13.729235,2.544616259622922,1.0263081,AAA,12.43,12.009,11.919
604713463788946176,08530060+1141001,133.25253582825115,11.683393830326253,10.292144,1.4080653985481375,1.3242235,AAA,8.624,8.035,7.917
604904332136281856,08514194+1143371,132.9247191996306,11.726992089258353,12.564291,1.1539230126758735,0.74059486,AAA,11.596,11.364,11.284
604910310730777472,08512643+1143506,132.8600836880833,11.730749100857048,11.2497425,1.0960951536878016,0.14682293,AAA,11.02,11.011,10.993
598964942122246528,08481119+1144166,132.0465846879861,11.737940797188486,13.410275,1.2081336656250676,0.7139616,AAA,12.485,12.239,12.19
604904950611554432,08515020+1146069,132.95912721713935,11.768575771671731,10.512736,1.1781231211794791,1.1006708,AAA,9.124,8.661,8.554
604905947043939072,08522183+1146467,133.09094399354214,11.77963182686451,13.604394,1.100796636583372,0.7462406,AAA,12.68,12.398,12.336
604915636490059008,08504994+1149127,132.708062843926,11.820200324904569,12.689348,1.2126210165688145,1.0334959,AAA,11.372,10.96,10.89
604917865577461888,08513427+1149438,132.8927809566184,11.82883833383453,12.715951,1.1581733525697715,0.7045479,AAA,11.804,11.569,11.522
604920756091231744,08511704+1150464,132.82095010618377,11.84623629324878,10.845772,1.1663224651706463,1.2351999,AAA,9.284,8.712,8.606
604921885666815360,08505632+1151292,132.73464294508156,11.858122866449648,13.959219,1.1674430580671058,0.78636074,AAA,12.965,12.698,12.612
604921030968952832,08511335+1151401,132.80559504321192,11.861146681281866,13.129307,1.1503627269383438,1.2358694,AAA,11.657,11.058,10.958
604919690939411456,08513938+1151456,132.91405778104226,11.86267313930971,11.871005,1.1648538164799989,1.1569328,AAA,10.383,9.889,9.795
604930067580245888,08524924+1152083,133.20513512727044,11.868961569546409,13.348781,1.1519569504469271,0.73667717,AAA,12.447,12.167,12.089
604745345330578048,08541244+1152231,133.5518123164203,11.87302702853045,13.606575,1.1150173698942911,0.97125435,AAA,12.382,11.985,11.922
604971402345381120,08510969+1159096,132.79034360399598,11.986013756183572,13.618245,1.1409356378322533,0.7491989,AAA,12.658,12.348,12.298
604936351116176768,08540487+1200199,133.52025580765675,12.005577090429618,12.007263,0.5414894622394867,1.3149958,AAA,10.36,9.772,9.613
604971058748016384,08505177+1200247,132.7156526265943,12.006857876902394,13.298922,1.155703259110584,0.7412176,AAA,12.377,12.106,12.051
604974082404993920,08504620+1201582,132.69243758471842,12.032824569192268,13.277014,1.1345570942503178,0.7365999,AAA,12.355,12.077,12.061
604975796096306432,08504862+1203413,132.70254766416016,12.06147185251276,13.497531,1.1304067764095382,0.72711277,AAA,12.611,12.333,12.265
604948965436170112,08515281+1204189,132.96998294476305,12.071933166586588,12.538585,1.173549534421929,0.7640152,AAA,11.576,11.314,11.227
604976929967672064,08503390+1205498,132.64105572599607,12.097114323714298,13.965455,4.005567272761902,1.4655218,AAA,12.226,11.641,11.501
604977071702225280,08503842+1207198,132.66003698019784,12.122141766313216,13.524892,1.122858137026619,0.7342062,AAA,12.603,12.339,12.273
604988784077232384,08502988+1208070,132.62443059671952,12.135267788354575,12.430536,1.148896149245945,0.78082085,AAA,11.444,11.153,11.108
604996347515377792,08514492+1208111,132.93715104303715,12.136441724235723,13.560265,1.146247128039573,0.74610233,AAA,12.661,12.385,12.312
604957898968083456,08525947+1210573,133.24756337613204,12.182437645991838,12.870351,5.464199415810309,1.2889881,AAA,11.264,10.694,10.634
604957280492814848,08522255+1211596,133.09392603514564,12.199856075167173,12.711071,1.6194024697442395,0.73703,AAA,11.809,11.51,11.474
605037952862523264,08542467+1214483,133.60276092165836,12.246748692459803,13.665897,0.8794197580334481,0.8756342,AAA,12.543,12.184,12.137
605014833054650880,08504952+1217158,132.70634280220605,12.287672697514626,11.472471,4.912473758223647,1.1227703,AAA,9.97,9.501,9.37
605017787992165888,08502943+1219042,132.62254678758345,12.317816976978436,12.390281,1.1614443624856257,0.7816067,AAA,11.401,11.098,11.04
605044863465523328,08543353+1219079,133.63971128846657,12.318899085338392,10.035525,1.7694546275166785,1.1146641,AAA,8.572,8.091,7.989
605054548616296192,08532409+1223195,133.35030319826978,12.388761692857752,13.852613,1.4150368582688864,0.80576134,AAA,12.815,12.537,12.468
608015606444908544,08491538+1230388,132.31414508972946,12.510834233854329,13.701807,2.0578795472543256,0.8747139,AAA,12.58,12.232,12.165
605110765443638528,08533051+1232207,133.37707160052423,12.53905181196746,12.605136,1.9820954381823768,0.6718025,AAA,11.759,11.492,11.474
598653505452587392,08501164+1050304,132.5486062203145,10.841721799315923,10.435435,5.088868584705364,0.83395576,AAA,9.405,9.097,9.032
598660136883367168,08501512+1100464,132.5630177904048,11.01283849811329,12.484,1.0501300932836184,1.0550985,AAA,11.106,10.642,10.552
598674739770772352,08523772+1106586,133.1571839665704,11.116241023675109,13.380571,1.1589983392382732,0.9270601,AAA,12.222,11.831,11.717
604678657374107008,08525991+1107252,133.24962457495556,11.12370829220528,10.635501,0.3795362662031524,1.8546171,AAA,8.364,7.57,7.326
598851073948254336,08494983+1109285,132.4572500124551,11.158076177397064,9.5684805,13.925640550510694,0.8983631,AAA,8.433,8.064,8.025
598694320526475520,08505273+1115332,132.7196808578438,11.259233971634451,11.612025,0.5303407946274813,1.1811476,AAA,10.088,9.568,9.467
598882547468555392,08510103+1118354,132.75427142751715,11.309813369962551,12.636223,0.3986239037023542,1.2648706,AAA,11.012,10.507,10.314
598923572996124288,08473413+1126488,131.89212680671446,11.44685760843294,12.815696,2.9308089320544592,0.88382816,AAA,11.698,11.33,11.262
598889075818837504,08505078+1128126,132.71159602373177,11.470182740566203,13.811958,1.1830247395823534,0.8274832,AAA,12.757,12.413,12.384
604705969071060224,08530920+1129479,133.2882832365893,11.496652416216444,12.718821,1.1766418961861735,0.7065048,AAA,11.838,11.613,11.53
598945765091864960,08490674+1129529,132.27807740510812,11.498003698982176,12.806155,0.541060533426833,1.2812424,AAA,11.161,10.599,10.49
604708202453409408,08533206+1134467,133.38356927708213,11.579647225142953,12.880277,1.162679488739614,0.72293377,AAA,11.968,11.704,11.66
598949304144504448,08481801+1135025,132.07497295248402,11.583996462974458,8.11953,2.869466983909209,1.1354628,AAA,6.648,6.188,6.051
604896150222841088,08510743+1136535,132.78087087375013,11.614861913091,13.283628,1.2436404594579058,0.72678375,AAA,12.355,12.139,12.066
604721400888554112,08543539+1139261,133.6474519734011,11.657209955413473,13.62377,2.759413734268489,1.0580769,AAA,12.301,11.885,11.813
604908347929907328,08505973+1139524,132.7488094915001,11.664582728399688,12.934086,1.186706356939782,0.7200918,AAA,12.025,11.735,11.703
604909653600014976,08511868+1140367,132.82780032109673,11.676857927105772,13.902545,1.2040653415912186,0.7459879,AAA,12.98,12.674,12.635
604912368019294976,08504048+1142115,132.66864453603912,11.703203361474632,13.908649,1.1444891099800591,0.76998043,AAA,12.959,12.671,12.559
604901548997418880,08524174+1142476,133.1738474032126,11.713163022980718,13.465648,2.673694461064582,1.000104,AAA,12.198,11.777,11.716
604912647193030016,08503613+1143180,132.65051057203152,11.721681110464337,12.491335,1.1993778030648812,1.0882921,AAA,11.131,10.644,10.552
604913952863074688,08505344+1144346,132.72263104008843,11.742952668429584,13.447743,1.1557208812384503,0.8108988,AAA,12.403,12.102,12.065
604911375882674560,08511747+1145226,132.822807019762,11.75629552834102,9.258214,1.1716350307955128,1.5186081,AAA,7.325,6.683,6.494
604914223445164416,08504760+1145228,132.6982863852708,11.75634788375695,13.770675,1.184571092370747,0.75028515,AAA,12.832,12.558,12.512
604916667282344576,08514401+1146245,132.93331447306122,11.773469588156832,12.58977,1.1928675245477285,0.9082613,AAA,11.438,11.11,11.027
604913815423941120,08503392+1146272,132.6412912486113,11.774233150427252,12.722943,1.1635157310568554,0.70821,AAA,11.824,11.596,11.517
604916770361557504,08514474+1146460,132.93636327609062,11.779444275070045,12.726845,1.1711187606178073,1.0717802,AAA,11.357,10.918,10.822
598970847700454144,08484748+1147431,132.19782959863775,11.795295424013595,12.204188,0.8927635546122802,1.0705156,AAA,10.798,10.37,10.246
598969408887084288,08480132+1148289,132.0054835850431,11.807988783074457,13.963987,0.696229980765197,0.8776703,AAA,12.855,12.514,12.471
604917148318677120,08514082+1149055,132.9200212614001,11.818209499276277,13.6566,1.1391250114179854,0.7513056,AAA,12.714,12.459,12.39
598971779709012352,08485299+1149360,132.2207992531538,11.826660064976078,11.536059,1.139747089363532,1.0498457,AAA,10.194,9.739,9.66
604917972952399232,08513740+1150052,132.9058083722677,11.834794012600288,12.437181,1.1779633520914006,0.76172733,AAA,11.469,11.179,11.138
604915739569261184,08510106+1150108,132.75436107910528,11.836351490881963,12.544513,1.1952371299182647,0.9143181,AAA,11.38,11.018,10.951
604907012195819648,08522138+1150419,133.08911802681712,11.844944725424432,12.614237,1.2010145823413003,0.74175644,AAA,11.56,11.326,11.281
604921855602675968,08510723+1153019,132.78005588537422,11.883864558840845,12.407134,1.1320137760582378,0.89402103,AAA,11.175,10.771,10.695
604963877562742400,08501629+1153480,132.5678547779273,11.89666457794906,12.728699,1.1439061285204002,0.70472527,AAA,11.855,11.608,11.54
604920202039656064,08515952+1155049,132.9979616884544,11.917996756504506,10.210122,1.1575714097305163,1.2341614,AAA,8.597,8.084,7.959
604934190748829312,08533744+1155472,133.40587519000084,11.929782589611564,13.952044,1.15999652340297,0.8713112,AAA,12.832,12.494,12.379
604944120713063552,08520474+1158291,133.01974188474222,11.97473225632223,12.476079,1.1765603319178148,0.81538296,AAA,11.443,11.125,11.049
601982723582351616,08474029+1158419,131.91790964113846,11.978237768445371,13.717547,1.700051445209817,0.91542244,AAA,12.562,12.228,12.185
604982874202264832,08492200+1201516,132.34162028533504,12.031028038554323,12.877654,1.8650099103780349,0.88430405,AAA,11.792,11.415,11.328
601981349192808448,08482936+1202283,132.12241371960252,12.041180436789244,13.537878,0.8200141174996608,0.8684845,AAA,12.441,12.11,12.027
604976315787962240,08505720+1205365,132.7382900632234,12.093446547743223,13.82129,1.116340997102261,0.76503754,AAA,12.835,12.59,12.491
607987427163771520,08482936+1206353,132.12230292728867,12.10980570704204,13.352934,1.122717519302432,0.7360954,AAA,12.436,12.192,12.098
601998627845449088,08474967+1209048,131.95690775814643,12.15129650440038,11.531828,1.7825631556261463,0.66001606,AAA,10.647,10.454,10.414
605013321226163712,08505610+1214106,132.73376576802627,12.236311493242487,12.874667,2.638376029308777,0.8304806,AAA,11.719,11.381,11.345
605049020993801856,08535126+1215348,133.46353984976938,12.25970380221892,13.76191,0.732379258221126,0.7328596,AAA,12.815,12.523,12.475
607997288408680064,08494091+1217243,132.42047277299906,12.290082436160594,9.610017,0.8905835150934561,1.3470144,AAA,7.874,7.289,7.144
605026304912470272,08511770+1227413,132.8236488889872,12.4614674796311,13.766075,0.879442859350733,0.73377514,AAA,12.801,12.518,12.461
605061901600302336,08541013+1228253,133.54222907163572,12.473703389635686,13.011369,1.1135573121076263,1.0206776,AAA,11.686,11.259,11.201
608031137046619520,08504222+1232433,132.6758049160293,12.545283628217328,13.367463,5.26482375792599,1.4838228,AAA,11.589,10.996,10.882
608019695253873152,08485826+1233028,132.24275642773165,12.55076464707209,13.166001,1.551438919511932,0.7360563,AAA,12.226,11.922,11.89
598655906338983296,08502945+1055413,132.62272512758017,10.928113902849546,13.784744,2.4473512943364826,1.0266314,AAA,12.47,12.051,11.972
598667764743965440,08511007+1057450,132.7919694130978,10.962478678757863,12.427362,1.8811356927197191,0.6609869,AAA,11.569,11.352,11.312
598660201306278272,08500682+1100023,132.52845426106904,11.000649893164605,13.232777,1.3522013622606504,0.73807716,AAA,12.288,12.011,11.971
598669791968513792,08512287+1100333,132.84527317068336,11.009250655850796,13.917929,1.655811491703553,0.8433094,AAA,12.823,12.565,12.478
598669379651632640,08515022+1101401,132.9590486920077,11.0277595058367,10.986978,5.320404916292307,0.89512825,AAA,9.792,9.456,9.383
598848531327630976,08492355+1103338,132.34794608328627,11.059284605195211,13.197546,3.660808211103768,1.108201,AAA,11.831,11.32,11.24
608131982878707072,08511650+1247115,132.81870526728545,12.786534722196182,13.590667,0.8914188303017108,0.87410545,AAA,12.475,12.159,12.114
598677351110910848,08515586+1109312,132.9826680347587,11.15865339866014,11.624082,1.911905915916148,0.5476103,AAA,10.867,10.762,10.714
604640174467098496,08535425+1114291,133.47601440992116,11.241346092881328,13.281791,2.8476067711026527,0.972908,AAA,12.041,11.661,11.576
598696352046226560,08513303+1120184,132.88767435828663,11.338411857813488,11.551833,0.5334004190591883,1.1530886,AAA,10.041,9.557,9.461
604662469641651968,08544716+1120416,133.6965134884822,11.344945311481496,13.059646,1.6042544392314502,0.885437,AAA,11.945,11.652,11.571
598697142320464384,08513381+1122511,132.8908331098342,11.380828708219632,12.609519,1.1740150483126517,0.7245474,AAA,11.702,11.44,11.365
604701128643010816,08515555+1124102,132.98140766692794,11.402848515506244,13.139835,1.1546228221033752,0.7331486,AAA,12.19,11.995,11.879
604705011293412992,08525650+1125224,133.2354116301615,11.422863547790428,12.905494,1.2217942403975317,0.7209368,AAA,11.986,11.721,11.687
604669208447558144,08545044+1130309,133.71021356034345,11.508536398674794,12.710918,4.411388711156342,1.1209049,AAA,11.339,10.9,10.793
604891992694503040,08515264+1130468,132.9692751804121,11.513021898337534,13.591028,1.1530682551257954,0.73690414,AAA,12.649,12.377,12.362
604731807593667328,08534035+1136571,133.41803226458995,11.61583327692037,13.623719,1.8606918745979608,0.8892145,AAA,12.476,12.184,12.124
604897838145769472,08512157+1139084,132.83984755498966,11.652363899720315,13.516213,0.9897968279302768,0.66397095,AAA,12.635,12.403,12.366
604903232624649344,08515309+1140536,132.97116915166364,11.68156630847474,13.2109785,1.1593447725621102,0.75927544,AAA,12.251,11.984,11.905
604911341522929536,08512033+1145523,132.83465900484816,11.764564997160337,13.010176,1.1986223583881732,0.7429924,AAA,12.061,11.822,11.767
604917281461920256,08512012+1146416,132.8337997855924,11.778252739493274,12.624251,1.1699554087559814,0.729064,AAA,11.691,11.44,11.388
604917491916095872,08511868+1147026,132.82781372722755,11.784075469924868,12.357132,1.2085704522467644,0.9978361,AAA,11.017,10.619,10.529
604740882860200704,08543720+1147137,133.65496297230152,11.787146943342142,9.526054,0.9469955068909048,1.6425686,AAA,7.48,6.795,6.552
604740711061513856,08542258+1147290,133.59407270650814,11.791378005926022,13.514279,0.9259562297073732,1.2450876,AAA,11.952,11.496,11.36
604917629355038848,08512291+1148493,132.8454253721632,11.813720717979884,12.549206,1.1644076200402365,0.7349367,AAA,11.612,11.36,11.313
604920653012018688,08511922+1149243,132.83005654526977,11.823428603806072,13.71689,1.1673580229650813,0.754776,AAA,12.748,12.468,12.427
604919480485158784,08514235+1151230,132.92646568694238,11.85639705755515,10.972071,1.2151630265626014,1.2251043,AAA,9.403,8.854,8.762
598975593640168320,08481731+1151510,132.07201309431505,11.864175965559523,10.680748,3.243248581398253,0.65376186,AAA,9.849,9.633,9.563
604930544320911744,08523139+1151514,133.13084218561468,11.864248842230008,13.566598,1.1712627032770904,0.74760723,AAA,12.611,12.355,12.322
604921202767814528,08512701+1151525,132.86250050005347,11.864594294721323,10.931228,1.161293466421352,0.1225605,AAA,10.747,10.733,10.702
604922164840316672,08511269+1152423,132.80283852526637,11.878444829397733,10.222875,1.1771229084364088,1.2390194,AAA,8.65,8.122,7.976
604922779020036736,08513119+1153179,132.87993579554507,11.88832087849118,13.567353,1.1504785003477478,0.7629566,AAA,12.603,12.327,12.267
604923882827217024,08511872+1155497,132.8279619457319,11.930467749019584,13.979341,1.1423449412242836,0.78594303,AAA,12.988,12.685,12.673
604924570021956608,08513715+1159024,132.90469710795475,11.984031185321362,10.744077,8.886459930173244,0.96875954,AAA,9.489,9.098,9.028
604948106442727424,08514366+1200549,132.93192974386156,12.015287867117046,13.428266,1.496366532095305,0.80947876,AAA,12.382,12.068,12.01
604982947217556224,08491456+1201397,132.31068573959433,12.02769291108706,11.602598,1.6966961139357004,0.69460773,AAA,10.719,10.448,10.399
605031050850704896,08543703+1205100,133.65425121991802,12.086046592733204,13.367727,1.4209790530025328,0.8050804,AAA,12.382,12.113,12.093
605004078456479360,08521627+1211138,133.06781874051077,12.187027035714454,12.603675,3.645909051402687,1.0617313,AAA,11.271,10.776,10.703
605002257390381312,08512742+1213432,132.86421873217213,12.228784765368989,11.788089,1.643709786128188,0.6863489,AAA,10.925,10.684,10.597
605025622012414720,08515392+1230252,132.97469149107778,12.5071263302453,11.936795,3.763961508137872,0.8270798,AAA,10.887,10.55,10.492
598616809251923712,08522077+1052562,133.0865605238264,10.882246707135543,10.532544,1.4544763198057131,1.273489,AAA,8.893,8.368,8.245
608034985337312384,08504277+1237326,132.67821689294817,12.62577820291034,13.936897,0.9160451417102934,0.8539152,AAA,12.867,12.505,12.456
605124333245775744,08514277+1238418,132.92819668001377,12.645001692250023,13.694373,0.1414496479711711,1.2395916,AAA,12.084,11.502,11.387
598656391670590848,08503347+1057389,132.6395174901195,10.960751513072486,13.163263,0.9561177071545368,0.7479296,AAA,12.165,11.9,11.861
608129715135964160,08515955+1246247,132.99808354171194,12.77350136908551,12.83824,0.5414757800397519,1.2869024,AAA,11.175,10.616,10.491
598849420385500544,08494869+1105012,132.4528026266593,11.083604923823872,11.839514,4.640706132566092,0.8785429,AAA,10.738,10.395,10.327
598683222330995584,08510751+1107027,132.78127550466624,11.117257901359746,12.268393,2.2142342970493614,0.7019863,AAA,11.34,11.097,11.057
604633538742592256,08533014+1109053,133.3755342718415,11.151591293566597,8.522579,4.822719454158558,0.6639309,AAA,7.593,7.393,7.319
598854235044191104,08493381+1110445,132.39090971545838,11.178992407095324,13.588484,0.860219899867583,0.784832,AAA,12.59,12.271,12.18
598695694916018816,08513921+1119114,132.913386328557,11.31984853572705,13.846713,0.80281595895363,0.6359329,AAA,13.016,12.748,12.7
604696730596495744,08521656+1119380,133.06893593561463,11.32727383578348,9.695972,1.1786922233481287,1.420351,AAA,7.875,7.233,7.119
604662229123483904,08545333+1119571,133.7220542728314,11.332406911643682,12.917006,4.654428393971963,1.2133675,AAA,11.429,10.903,10.834
598894637801176832,08495016+1125332,132.45907207287712,11.425776768706774,9.760712,2.780294207082627,1.1134462,AAA,8.306,7.85,7.753
598886052161851264,08511515+1126426,132.81306021024955,11.445161160460769,13.0150175,1.165412585410449,0.74916553,AAA,12.084,11.781,11.725
604707240381379584,08532168+1130052,133.34035032982823,11.501467194494245,13.79559,0.9995019797894978,0.780056,AAA,12.817,12.555,12.522
604704770775147520,08521097+1131491,133.04566489986095,11.530330529683916,10.587041,1.1698836129931296,1.293354,AAA,8.921,8.388,8.252
604896051439390848,08510714+1135486,132.77967189428244,11.596839700389491,13.992014,1.1809791276690245,0.76882744,AAA,13.023,12.719,12.672
604893955495305088,08515104+1137025,132.9625816119537,11.61741274768673,13.153065,1.1214490794886285,0.678442,AAA,12.251,12.035,11.966
604897288389928832,08514493+1138589,132.93714865266165,11.649703245137973,13.410427,1.1592611514668354,0.73379993,AAA,12.492,12.245,12.181
604912058781650176,08502161+1140553,132.59001250522766,11.682053365222018,13.54289,1.1718849113059844,0.73766136,AAA,12.612,12.316,12.283
598908209897823232,08500464+1141382,132.51923128821204,11.693971910867797,13.908438,1.7233840998630905,0.83477974,AAA,12.846,12.526,12.444
598964117487368576,08483673+1143138,132.15306341052678,11.720440089796528,13.988396,0.9147958990333548,0.7208843,AAA,13.065,12.823,12.733
604914189085426560,08504766+1144513,132.69854336835243,11.747613659568293,12.577873,1.19102529054882,0.6597557,AAA,11.746,11.526,11.459
604904916251824000,08514664+1144581,132.94436662464312,11.749406376359351,12.734363,1.337138997372729,0.67872524,AAA,11.822,11.601,11.558
604911509025877248,08510483+1145568,132.77006290559672,11.765787924725634,13.367362,1.1297534408615235,0.77942467,AAA,12.42,12.111,12.068
604925875692160640,08530772+1148129,133.28213908959654,11.803575143883874,13.524063,1.1743568146344645,0.7305336,AAA,12.611,12.366,12.284
604917796857988480,08513583+1148515,132.89927206176378,11.8143087471371,13.462918,1.1516329474587597,0.7534199,AAA,12.517,12.237,12.179
604918041671889792,08512814+1149274,132.86723116425335,11.824293743634897,12.6679325,1.1683850267716152,0.6588917,AAA,11.801,11.511,11.451
604920756091232256,08511679+1150389,132.8199008884277,11.844159233252451,13.021137,1.134061826304101,0.75420856,AAA,12.048,11.742,11.719
604918247830312576,08512996+1151090,132.87479917720938,11.852503672083786,13.943488,1.1614754067924695,0.7974205,AAA,12.926,12.63,12.599
604921168408082048,08512240+1151291,132.84330749134082,11.858108397755396,13.148642,1.1553988837847953,0.7470045,AAA,12.195,11.952,11.862
604921198472075008,08512879+1151599,132.86996312231452,11.866647749676654,12.497738,1.153299274447539,0.8518305,AAA,11.433,11.104,11.024
604931064012660992,08523846+1153563,133.1602934955216,11.898936602283255,13.508189,1.120753585624436,0.7412548,AAA,12.565,12.365,12.276
604922302279259008,08511657+1154151,132.81900117845774,11.904198115103895,13.402018,1.1565504825451691,0.7782326,AAA,12.441,12.203,12.116
604922886394972160,08514122+1154290,132.92173740543262,11.908062443017352,12.646031,1.2049308891291943,0.7396383,AAA,11.703,11.466,11.397
604969748782357888,08505923+1156368,132.74677231164677,11.943561772184363,13.085291,1.1962631901262597,0.7594423,AAA,12.122,11.845,11.79
604944803611816960,08523563+1158523,133.14845952145765,11.981164404375486,13.277875,1.12890779186052,0.78312397,AAA,12.291,12.023,11.942
604982358806160896,08490139+1158587,132.25576488293478,11.982954171781554,13.554419,1.1386064042740598,0.73245525,AAA,12.612,12.375,12.314
604971402345380736,08510970+1159136,132.79037517023778,11.987127079679214,13.41916,1.0080907465096915,0.7644329,AAA,12.425,12.132,12.057
604938447060218112,08531175+1159310,133.29893912822533,11.991947023428624,12.620319,1.141125443305171,0.723979,AAA,11.7,11.491,11.373
604968752349766912,08500995+1159539,132.54139142811897,11.998307464479774,13.780851,1.1695584827783538,0.7681618,AAA,12.82,12.578,12.497
604983737491540736,08490535+1202135,132.27227770110238,12.037021945139855,13.775667,0.579739368168317,0.6586132,AAA,12.935,12.66,12.644
605030741613063680,08541558+1203117,133.56480392687408,12.053264754707556,13.753602,1.982955502521157,0.9370613,AAA,12.605,12.187,12.152
604995419802460288,08513734+1203193,132.90556785469846,12.055400688224603,13.560873,1.1597425525817515,0.74447536,AAA,12.582,12.347,12.288
604988680998017536,08503142+1206565,132.63092016624597,12.11569882867731,13.920277,0.4281764822110065,1.0055285,AAA,12.61,12.198,12.094
601986503153516800,08480573+1207410,132.02386785738045,12.12799990555796,13.421473,1.3215390325864629,0.70869446,AAA,12.504,12.302,12.215
607987736401416704,08484974+1207475,132.20700357198277,12.129860341771623,12.296417,14.611773786051804,1.8587875,AAA,10.163,9.552,9.352
604977376644269952,08505726+1209078,132.73846053456066,12.15204839444834,13.896829,3.640317045094851,1.3408546,AAA,12.286,11.706,11.59
604977587098272768,08505604+1209288,132.7334683384659,12.157997828007328,13.204584,1.1720334661995724,0.71120167,AAA,12.294,12.087,11.983
608007738064851584,08481784+1222097,132.07429849994517,12.369348978626032,12.55345,1.1817118895799714,0.8988428,AAA,11.406,11.062,11.021
605012256074566784,08520262+1225541,133.01090607044566,12.431710016356613,9.628465,1.0606590273372372,1.3929977,AAA,7.838,7.196,7.043
605104821208904320,08532580+1230439,133.35745309389537,12.512187204784276,13.716675,1.0806788027502852,0.75486374,AAA,12.75,12.505,12.423
598655768900030336,08502647+1054529,132.6103019881318,10.914676888027635,9.999457,2.2460896222550977,1.1541834,AAA,8.521,8.075,7.914
608128959221273088,08515250+1243378,132.96874877453118,12.727156596170504,13.133476,1.494051697404458,0.7815552,AAA,11.991,11.711,11.659
598851207091897088,08490719+1102425,132.28001308888216,11.045096633926752,13.411865,1.41835346447065,0.7791662,AAA,12.426,12.113,12.085
604631683316721024,08525943+1106554,133.24764551663907,11.115408543837791,11.034341,0.8394808707317721,1.276392,AAA,9.429,8.894,8.697
598859797027643904,08481476+1108460,132.0615222564094,11.146063673641478,13.8974495,0.8745096645255601,0.9849386,AAA,12.692,12.259,12.188
604634367671325824,08533316+1112491,133.38812604773022,11.213692911569208,10.686502,0.3925436766858233,1.4105291,AAA,8.88,8.219,8.121
598878183781818368,08500005+1114327,132.50016688390278,11.242437470530088,11.365227,1.3151340118881685,0.653821,AAA,10.5,10.303,10.23
598882130856416896,08505816+1117302,132.7423516632011,11.291656536538738,11.433535,0.6831387823871164,1.1742163,AAA,9.901,9.408,9.276
598880314085586432,08501154+1119405,132.54806364196762,11.32790108349041,12.388574,1.2095120211207266,0.80785656,AAA,11.366,11.064,10.989
604687041150244608,08530627+1122488,133.27609474669111,11.380239114506358,12.470754,1.803961038319625,0.6493492,AAA,11.639,11.435,11.379
598895398010754432,08490883+1122497,132.2869723658998,11.38021494503235,10.855977,5.598710764565958,0.793828,AAA,9.838,9.583,9.491
598919999583437440,08483014+1123564,132.12566837794577,11.39894448812978,13.1532345,3.2728368343547585,1.114994,AAA,11.786,11.385,11.249
598922503548584192,08474679+1124595,131.94496541284383,11.416464129110054,12.37396,1.2309344723590805,1.2045555,AAA,10.844,10.371,10.24
604701953276603520,08514851+1125375,132.95206704232163,11.427106639464892,12.962245,1.1563356285063977,0.7526274,AAA,11.994,11.747,11.648
604714357142201600,08543213+1127466,133.63390668089767,11.462716058750525,13.281323,3.303805899388731,1.2311449,AAA,11.684,11.154,11.054
604894367812207488,08511931+1132340,132.83045356425686,11.542748987956164,13.60212,0.9466873152045614,0.6759701,AAA,12.758,12.509,12.453
598907286480190720,08495818+1136466,132.4922618549591,11.612850888184592,13.658481,1.80989662052725,0.88330364,AAA,12.517,12.198,12.113
604903026466307840,08515503+1140503,132.97925790423926,11.680642828614753,13.872696,1.1620889654408315,0.8768215,AAA,12.735,12.432,12.341
604904297776551680,08513873+1142373,132.91136132228402,11.710377882388086,13.978698,1.1001952338359602,0.7771692,AAA,12.971,12.73,12.648
604917560635575808,08511544+1147313,132.81430795998233,11.792065766969978,12.5451765,1.066185533544451,0.6628523,AAA,11.708,11.475,11.43
604915322956791168,08504079+1147462,132.66991747450348,11.79616272342744,12.700096,1.1696899848253277,0.70736885,AAA,11.793,11.54,11.498
604917388836860416,08513240+1148011,132.8849583014752,11.800328926927753,12.5524025,1.3354851360420876,0.98661804,AAA,11.284,10.901,10.822
604918591427678848,08514994+1149311,132.95806939630876,11.825319991847184,12.4752865,1.209293745283163,0.77196884,AAA,11.494,11.196,11.148
604921512005265664,08512742+1153265,132.86420507379762,11.890704974736725,12.605678,1.1336331819521603,0.74795246,AAA,11.667,11.382,11.342
604943639676920448,08520851+1155404,133.03546270485344,11.92790698269053,12.903277,1.2228289462132125,0.912261,AAA,11.711,11.372,11.311
604968413048207488,08500587+1157508,132.52437309676594,11.964084384933056,11.1570835,1.0377885167963397,1.2622442,AAA,9.55,9.009,8.854
604972639295954816,08510531+1203012,132.77212386143142,12.050355194815104,12.696248,2.337217283483849,0.76143646,AAA,11.724,11.488,11.399
604974357282901504,08504262+1203101,132.67753031706644,12.052784525865372,13.223673,1.1469923387426275,0.71833706,AAA,12.306,12.088,12.043
604949888853089664,08523270+1206250,133.13624099159514,12.1069481141723,12.519697,1.1697270637570327,0.7566509,AAA,11.561,11.307,11.265
604954497354194688,08533487+1211472,133.39519539153562,12.196440569916277,12.735571,1.1884834900705392,0.69780064,AAA,11.834,11.623,11.561
604956765096720640,08524800+1212097,133.19988557719608,12.20270845496588,12.833354,3.173433330019788,0.9331608,AAA,11.662,11.307,11.241
605049394655398912,08533375+1215548,133.39049571449684,12.265234172042144,13.683377,0.92204584054381,0.7882223,AAA,12.684,12.374,12.344
607997563286586112,08495682+1218315,132.48608871460868,12.308582803236742,12.694338,20.2595509494995,2.3304644,AAA,10.188,9.52,9.293
608006947790945280,08481249+1219218,132.05203171214225,12.32263824384466,10.069773,12.190427505998636,0.9836941,AAA,8.837,8.451,8.388
605018578266152192,08502379+1219588,132.59908737391387,12.33298399791066,12.562445,1.1282729308880564,0.7126322,AAA,11.623,11.401,11.357
608000110202916352,08491620+1220027,132.31753323536194,12.334073103837593,10.023278,3.1222788701784987,0.66097736,AAA,9.186,8.974,8.917
605024213263154688,08514688+1226428,132.94534316666366,12.44524550748756,12.888013,0.4161876748561757,1.226901,AAA,11.328,10.713,10.634
605119213643933056,08523020+1234201,133.125797575328,12.572279013021586,13.542758,1.2404289709609326,0.6673956,AAA,12.696,12.444,12.438
608127035076384512,08512532+1240427,132.8555557566239,12.67853511869128,12.188535,1.6632338784503795,1.046772,AAA,10.874,10.445,10.355
598683192266477824,08510695+1106453,132.77885913074866,11.112431738894662,13.764449,0.8451391573427579,1.1274805,AAA,12.312,11.835,11.741
598689754976482944,08513058+1111006,132.87739436126793,11.18350482198017,12.741864,1.1746542811893943,0.72307587,AAA,11.829,11.564,11.509
598678931658873216,08515593+1111212,132.98311347827996,11.1891693017114,13.128096,1.1260986603552066,0.6942377,AAA,12.241,11.999,11.952
598878213846246400,08495642+1114087,132.4851887388852,11.23546588201352,12.353725,5.860863273948765,1.216114,AAA,10.872,10.405,10.287
598869971804390912,08480827+1114409,132.034508054418,11.244527408995063,12.734521,1.7104890791928953,0.7923546,AAA,11.704,11.382,11.338
604640651208429568,08535148+1117317,133.46449043348184,11.29210945500767,13.201711,1.5862191367687917,0.78610706,AAA,12.218,11.982,11.894
604687212948944768,08524942+1122573,133.20586487307955,11.382510774505544,13.284727,3.867880624231263,1.1754112,AAA,11.837,11.336,11.272
604692366909680512,08533006+1123195,133.37526068001867,11.388808995952184,13.232855,0.9213479209230304,0.92950153,AAA,12.018,11.716,11.643
598887460911141632,08504210+1126234,132.67538029454772,11.439838526267742,13.41655,1.288344616142494,0.7186899,AAA,12.491,12.232,12.209
598898073775010816,08494419+1129094,132.43408966243018,11.485939979496884,13.359071,1.1688814167273889,0.7257252,AAA,12.431,12.158,12.136
604718789548452736,08541561+1132404,133.56499999618333,11.544556241439418,13.951397,0.903820341587729,0.69830036,AAA,13.062,12.858,12.763
604893165221336064,08514992+1133184,132.95795286086658,11.555134702144878,12.569078,1.1425857273235591,0.7363367,AAA,11.632,11.372,11.319
604894638394355584,08511405+1133306,132.80847076433375,11.558483726687111,13.169649,1.1644582829236667,0.725646,AAA,12.274,12.028,11.941
604907390153062272,08504964+1135089,132.70677843006635,11.58580582139235,10.960272,1.197132687579274,1.2252474,AAA,9.41,8.848,8.722
598949819540579328,08482786+1136249,132.11612380607502,11.606923726918014,11.870011,1.7075645792950285,0.69667625,AAA,10.987,10.737,10.665
598951365728804736,08483533+1138120,132.14719309875778,11.636634678597078,12.0018,2.108185341306802,0.7387953,AAA,11.067,10.805,10.748
604897219670462976,08513615+1138562,132.90060200379995,11.648966605297346,13.775511,1.1708293956288622,0.7743521,AAA,12.785,12.522,12.452
604712669219395328,08530795+1139559,133.2831179459193,11.665542902846845,12.085474,0.8105054727322585,1.1602726,AAA,10.591,10.132,10.002
598954874717728128,08494480+1141086,132.43662610567702,11.685664393317076,12.900735,1.525693133785757,0.70883083,AAA,12.003,11.766,11.746
604734010912546944,08540077+1141309,133.50321446482104,11.6919045902235,10.479482,4.1349163153007735,0.6579647,AAA,9.643,9.455,9.385
604713738666938240,08525590+1142121,133.23288645022578,11.70333667580074,13.619781,0.8572694264113677,0.704649,AAA,12.719,12.467,12.437
604912715912500480,08504389+1144311,132.68285138781948,11.74197351272074,13.92022,2.223529534137642,0.9387102,AAA,12.776,12.312,12.254
604911135364519808,08510351+1145027,132.76459353599168,11.750770214629805,11.260444,1.069297275844421,0.3940649,AAA,10.719,10.621,10.585
604729058814593152,08544452+1145570,133.68549844330042,11.765859063941324,13.264957,1.01030761725586,0.9985857,AAA,12.016,11.612,11.532
604916736001826432,08514045+1146378,132.9185191314346,11.77717227605648,13.696044,1.1465277837638408,0.75548744,AAA,12.722,12.49,12.42
604914601402325504,08510839+1147121,132.78488564648407,11.786694995186608,12.12951,1.209730078391315,1.131733,AAA,10.691,10.195,10.112
604918316549769728,08515653+1148125,132.98552808642546,11.803469658701207,13.816404,1.1776333916293928,0.7708521,AAA,12.845,12.547,12.489
604929517824439808,08524031+1149443,133.1678702478798,11.82896731283403,13.666495,1.5921286661128486,0.7612076,AAA,12.701,12.376,12.335
604920824810533376,08510839+1150078,132.78489103549325,11.835494425241782,13.431571,1.1469201738403147,0.7471409,AAA,12.508,12.22,12.161
604920721731496064,08511698+1150093,132.8207101866443,11.835936274454903,13.037514,1.323971391601968,0.71794033,AAA,12.133,11.909,11.845
604921718163730560,08510449+1151460,132.76865387371458,11.862766961055666,13.870309,0.9899585355993028,0.85494804,AAA,12.76,12.426,12.358
604921271487287296,08512830+1152175,132.86787429806353,11.871523661310622,12.661663,1.1410040755521444,0.747283,AAA,11.721,11.443,11.383
604968103810569856,08495664+1156533,132.4859202538184,11.948121031923783,13.127889,1.1831899504392334,0.7354412,AAA,12.216,11.969,11.865
604948346960902016,08513806+1201243,132.90855943664283,12.023434198660938,12.835385,1.1851421863536962,0.7790823,AAA,11.844,11.551,11.495
604972501857011840,08510112+1201248,132.75468071836548,12.023413157574224,11.298443,3.826045562613574,0.9144497,AAA,10.138,9.777,9.695
604982874202235264,08492217+1201544,132.34235497871836,12.031802438879213,12.974488,1.785681448073468,0.8677559,AAA,11.893,11.575,11.521
604948724917993088,08520345+1203299,133.01437332167865,12.058314856768751,12.827336,1.1924418402398214,0.72296524,AAA,11.894,11.672,11.577
604940272422518656,08532051+1205288,133.33541954209426,12.091292665277257,12.881594,2.069924573974247,0.7278347,AAA,11.96,11.676,11.627
605035066644502272,08540270+1208041,133.51116967776989,12.134501159706058,13.682112,1.1390161686746,0.76448536,AAA,12.699,12.441,12.344
607990695634633472,08481532+1208430,132.06384783510777,12.1452450720609,12.580401,0.2787512501854462,1.4614124,AAA,10.736,10.058,9.898
605034486824536064,08545186+1212296,133.71611400727724,12.208176265765392,13.705095,1.0921875446588396,0.8548622,AAA,12.62,12.272,12.267
605052834924777472,08531430+1217499,133.30960913509173,12.297192009888793,12.963163,1.405972374786934,0.74865055,AAA,12.019,11.767,11.694
608000041483441920,08490818+1220055,132.28407096886014,12.334845841047375,13.641136,1.143263440954867,0.74627495,AAA,12.694,12.445,12.401
608013544860629376,08483590+1223552,132.149546391531,12.398572538828976,12.28555,1.5008180434889389,0.6518831,AAA,11.414,11.216,11.165
605022323477552000,08514548+1223571,132.93950703909917,12.399241643354346,13.874722,0.8365658252985575,0.70702934,AAA,12.963,12.671,12.615
605025548998116480,08515704+1229515,132.98763815729478,12.497662855226482,12.88945,1.1475886193176104,0.72583675,AAA,11.96,11.716,11.673
598638902563740672,08512562+1049051,132.8567342718141,10.818079400239602,12.507287,1.462564875189945,0.70194817,AAA,11.62,11.392,11.309
605108635139883264,08524537+1232581,133.18893248676122,12.549435514075132,12.81586,2.0514530889515306,0.87735176,AAA,11.727,11.428,11.34
608042402745292032,08493185+1239014,132.38274670350543,12.650436221423554,13.118705,0.6778649219916381,0.49541187,AAA,12.486,12.321,12.302
598672506387804800,08520742+1103531,133.03095837907466,11.06463400088933,12.887326,1.339779347439957,0.88347244,AAA,11.736,11.446,11.374
598690820128344832,08515930+1112371,132.99692437848657,11.21032443912111,12.799709,3.961066588450169,1.050168,AAA,11.52,11.089,11.005
598890862525289216,08492553+1116449,132.3563082549561,11.279104326221471,12.331174,3.676509704449655,1.0639238,AAA,10.97,10.548,10.452
604685628105952512,08525848+1118539,133.2436766954602,11.31496517664044,12.974182,0.424161606353506,1.2199888,AAA,11.442,10.848,10.745
598895982125712768,08492149+1125333,132.33957132307003,11.425965990840265,12.429305,1.6387814910804532,0.6784029,AAA,11.538,11.28,11.241
598937042013562368,08473817+1130412,131.90904155683032,11.511412550604373,13.785436,1.2896057850670155,0.8163214,AAA,12.744,12.435,12.332
604717342143816064,08543863+1134213,133.66088609502643,11.57253356941447,12.244886,2.1304673129256364,0.6662817,AAA,11.402,11.156,11.128
598946559661053568,08492213+1134307,132.34229404460226,11.57517178597222,13.808276,0.9336138387879812,0.7569494,AAA,12.839,12.542,12.452
604708992727391488,08532566+1135568,133.35687207555054,11.599128171222528,13.384029,1.1541648812691807,0.72676563,AAA,12.453,12.167,12.137
598907389559404544,08495746+1138079,132.48942962676736,11.635470704606124,13.537104,1.0247844965976889,0.7591343,AAA,12.567,12.283,12.23
604908146067299712,08505653+1138081,132.7354782659877,11.635603634195128,13.981238,1.1863568069071122,0.7815771,AAA,12.974,12.68,12.64
604735007344961792,08535022+1143078,133.45922238965457,11.718845755231884,12.445138,1.196853307355594,0.7580557,AAA,11.457,11.19,11.155
598958345051315712,08485396+1144228,132.22484075805184,11.739667029925762,13.930403,0.7143680617567862,1.0278959,AAA,12.616,12.151,12.091
604902717228530304,08522822+1145170,133.1177344646731,11.75472545156497,13.618998,9.491171716862128,2.3158484,AAA,11.093,10.473,10.248
604914536978619520,08505923+1146129,132.74674931693474,11.77026559690884,13.296779,1.2153311038787973,0.79227924,AAA,12.271,11.998,11.934
604917320117398528,08512380+1147160,132.84913659265166,11.78778762734426,12.632659,1.5846321187428505,0.9622717,AAA,11.409,11.008,10.953
604915189813463808,08504766+1147525,132.69855150188008,11.797939442900471,13.46944,1.1166606019374,0.72751236,AAA,12.546,12.26,12.239
604917594995372544,08511710+1148160,132.8211975772199,11.804479120262537,9.921911,1.1620566566117003,1.4008808,AAA,8.14,7.526,7.385
604920549932808320,08511505+1149211,132.81265751758596,11.8225261026052,13.987426,1.136264899751253,0.7807102,AAA,13.012,12.692,12.642
604927250081687808,08532390+1149296,133.34863132243473,11.823738991831462,13.340189,17.254856505245986,2.2640562,AAA,10.874,10.29,10.104
604920756091233408,08511774+1150055,132.82389034195504,11.834877952816734,13.35867,0.9750133466241586,0.74669266,AAA,12.393,12.135,12.101
604917934296936704,08514234+1150076,132.92637138383867,11.835454589662035,11.352173,1.1955166033196214,1.198741,AAA,9.829,9.339,9.187
604920717435743872,08511534+1150143,132.8138844551682,11.837309985817877,12.653306,1.117996839351071,0.73326206,AAA,11.724,11.464,11.424
604916010151555072,08505474+1151093,132.72802893283128,11.852591437914668,13.392233,1.149104574995496,0.7301712,AAA,12.46,12.218,12.165
604962193935568896,08501230+1151246,132.55120535653674,11.856791616775809,8.222472,1.1811350509906289,1.8043594,AAA,6.01,5.26,5.02
598975005228795008,08483313+1151478,132.13799612936353,11.863266823393916,13.176991,1.1579189132072614,0.7314329,AAA,12.256,12.012,11.953
604919033808556800,08521252+1152334,133.0521578382157,11.875930583962816,13.925874,1.0914629325679663,0.88783455,AAA,12.779,12.423,12.387
604922748956025216,08513577+1153347,132.8990278346759,11.892973386369524,12.008891,1.1370045521599306,1.1517344,AAA,10.522,10.023,9.941
604969061587592064,08510018+1154321,132.75068511222275,11.908905633421682,12.571531,1.4113181097163103,0.9708433,AAA,11.322,10.921,10.86
604969134602863744,08505762+1155147,132.7400352193635,11.920736885880975,13.237873,1.1349054718010532,0.7385073,AAA,12.294,12.038,11.973
604969783142095744,08505182+1156559,132.71590188562627,11.948850380469302,12.606146,1.2106094412215898,0.7430048,AAA,11.646,11.382,11.321
604947724190083712,08515806+1200596,132.99190266518517,12.016553873113118,13.63848,1.1239949298108451,0.7633362,AAA,12.642,12.413,12.344
604951301898543104,08525856+1202215,133.2439557991422,12.039296833006992,13.950937,1.157800068203947,0.8757591,AAA,12.829,12.535,12.393
604981778986430848,08495304+1203599,132.4707556870702,12.066908384129867,13.879861,7.273617881198837,2.0428772,AAA,11.599,11.003,10.76
604940199406871296,08532244+1204573,133.34344440071823,12.082568129312444,12.213544,1.797185091463971,0.7300072,AAA,11.292,11.023,10.948
604976556306119040,08510187+1208021,132.75784890149723,12.133940487302338,13.992255,1.1039717049237052,0.7408476,AAA,13.035,12.815,12.709
604989677430427776,08504284+1211372,132.67852104914988,12.193616070246527,12.007843,0.8368103283905971,1.2186394,AAA,10.456,9.955,9.828
604995140628826112,08501008+1217433,132.5419508450767,12.295318213075744,13.750624,1.584852741736242,0.86172867,AAA,12.746,12.41,12.316
605008884523860864,08515567+1217573,132.98188174877788,12.299260073253157,12.787833,1.1754650006147955,1.0106649,AAA,11.516,11.115,11.005
605015309794935552,08512010+1218104,132.83369483278867,12.302883758277034,8.858565,1.172402697847742,1.6367264,AAA,6.809,6.116,5.933
605016241803914368,08505798+1218321,132.74152289647645,12.30891535242155,12.464717,1.2166316306640776,0.78820705,AAA,11.464,11.193,11.146
605020605490689280,08504372+1223303,132.68213668810247,12.391736061885377,13.550413,0.7327178749756671,0.8276129,AAA,12.535,12.227,12.191
605026206128002432,08511851+1225554,132.82704109851446,12.432076606343324,13.539439,0.8712345440911693,0.9504156,AAA,12.327,11.902,11.843
605103343740165504,08531769+1226263,133.32362265982292,12.440763471475824,12.564567,1.5539544870271196,0.69437313,AAA,11.664,11.412,11.362
608044258171165824,08485953+1237144,132.2480932613694,12.620659586342612,13.143627,0.8776234880139405,1.1904716,AAA,11.636,11.172,11.022
598620245225724928,08525582+1056409,133.232735716379,10.945215087463335,13.059783,14.503181255741396,2.062604,AAA,10.781,10.165,9.885
605122550833920256,08523099+1239481,133.1290566809491,12.663373897400708,12.075056,1.6333320123960875,0.60421085,AAA,11.294,11.101,11.055
598851623704090240,08490676+1104351,132.27813410955045,11.076441319138643,13.120237,0.9732717663231566,0.71782875,AAA,12.193,11.951,11.901
598682745590095360,08512131+1106586,132.83856589222958,11.116216101748137,12.280808,4.8519665172526745,1.0467682,AAA,10.964,10.52,10.462
598694664123868416,08511870+1117126,132.82783049165235,11.28678519840778,10.74745,3.916593434139265,0.63604355,AAA,9.937,9.705,9.649
598868528695357952,08485930+1117220,132.24702683709543,11.28944126788524,11.129272,0.8407318270886588,1.2039261,AAA,9.556,9.074,8.924
604641067820289152,08535633+1118330,133.48468979161566,11.30914932468206,13.452075,1.2112621785135451,0.80526257,AAA,12.418,12.11,12.076
604689308892956416,08534672+1123307,133.44463634843422,11.391858039446946,11.69268,1.1175597377427695,1.1556196,AAA,10.225,9.73,9.624
604692710507065728,08532342+1125053,133.3474792373722,11.417958087043775,12.083201,7.48277310139275,1.3251381,AAA,10.427,9.885,9.789
604890416442278272,08515094+1128486,132.96205061012637,11.480127538898012,11.520842,4.74587785628744,0.8939476,AAA,10.388,10.062,9.988
604706351323205632,08525428+1129482,133.22615423354057,11.496712427867587,12.589812,0.426328153455791,1.2034969,AAA,11.046,10.457,10.384
598924569428525696,08481741+1129521,132.07261192614143,11.497782616586797,13.2132,1.7903946710567549,0.7980356,AAA,12.187,11.895,11.802
604695734164025216,08533923+1130367,133.4134215236075,11.51018260721571,13.686262,1.1580159094671614,0.8467121,AAA,12.653,12.32,12.264
598937145092774272,08474849+1131513,131.95197089204413,11.530840862067098,13.244463,1.2159815117549344,0.81996727,AAA,12.185,11.85,11.808
604895089366706304,08512395+1134504,132.84976910451695,11.580653764401506,13.862155,1.1392711511157656,0.8866339,AAA,12.753,12.408,12.386
604711299125433216,08524347+1136497,133.1811823649332,11.61365892730899,13.664942,2.622997807931796,1.0171146,AAA,12.374,11.983,11.903
604896837417607808,08513444+1137574,132.89348112544673,11.632609571625212,13.040115,1.1986323362760365,0.7442293,AAA,12.102,11.864,11.778
604897803786032768,08511759+1139359,132.82328138687603,11.66001330729278,13.42456,0.9729556203147748,0.7503433,AAA,12.5,12.228,12.154
604911749544005632,08503438+1139566,132.64323407110425,11.665743850429896,12.478206,1.2205256408091745,0.7679453,AAA,11.513,11.244,11.177
604736617957036288,08532348+1142176,133.3478597876916,11.704900174236291,13.969657,0.9395018750892457,0.7303133,AAA,13.048,12.842,12.752
604900690003981312,08521664+1142300,133.06933120630285,11.70832030283156,13.350618,1.2229473226205825,0.72792625,AAA,12.403,12.144,12.104
604910860486613632,08510576+1143469,132.77393574800624,11.729701204963089,13.871636,1.1338053733285154,0.86847496,AAA,12.761,12.413,12.345
598955561913661440,08500058+1143578,132.5024000826038,11.732721760168124,10.6918955,2.516535595264214,1.0257549,AAA,9.369,8.942,8.866
604912780336153856,08504156+1144300,132.67311589297097,11.741695734052184,12.168114,1.4103128073884854,0.9539957,AAA,10.964,10.556,10.476
604916426764198400,08512935+1145275,132.87226121480754,11.757667127201511,12.669828,1.1971104721244714,1.0850782,AAA,11.287,10.864,10.754
604916461123940992,08512498+1145428,132.85407293982652,11.761929442391432,13.971025,0.9105164396273552,0.7604704,AAA,13.032,12.748,12.692
604906290641339776,08520276+1146039,133.0114538064687,11.767735075761584,13.031916,1.174805110038957,0.7444563,AAA,12.075,11.811,11.736
604914846216261504,08505891+1148192,132.74541789668467,11.805345149327437,13.637011,1.1200940957910757,0.76096916,AAA,12.647,12.344,12.322
604920515573076352,08511223+1148347,132.80089214443902,11.809643484926914,13.754309,1.170970523788535,0.75571823,AAA,12.788,12.52,12.469
598959753800573568,08494346+1148386,132.4310644207243,11.810727902569244,10.456305,3.495791712902764,0.6354618,AAA,9.642,9.455,9.363
604914944999667328,08505903+1148576,132.74593915519185,11.815975991085905,13.40965,1.1447604074712503,0.7435446,AAA,12.386,12.206,12.094
604961163143414912,08502012+1149110,132.5838118186337,11.819730066965864,13.447599,1.160469564793413,0.7304659,AAA,12.533,12.298,12.245
604917934296937344,08513923+1150038,132.91341313065172,11.834389287204552,12.105291,1.1954023448326825,0.7382269,AAA,11.179,10.912,10.841
604929719687195648,08523547+1150342,133.14771899911233,11.842852851433523,13.222648,2.159609854851625,0.9103031,AAA,12.049,11.751,11.57
604918213472162432,08513431+1151104,132.89293114779957,11.852903646602671,10.87859,1.166103632371453,0.34022808,AAA,10.428,10.318,10.269
604921958681906176,08505569+1152146,132.73200070279952,11.870734183337936,11.829176,1.1535896792674465,0.76370907,AAA,10.852,10.586,10.515
604921821242942464,08510492+1152261,132.77046946681625,11.873921747812334,13.699832,1.1035419930331989,0.7550669,AAA,12.718,12.48,12.395
604921374566323200,08512015+1152479,132.8339382340836,11.879991144648056,13.7203045,1.1344629850534564,0.7516947,AAA,12.772,12.545,12.457
604967828932850816,08500240+1155247,132.50998854007574,11.923492153265483,8.684303,2.2554815462012265,1.2149982,AAA,7.077,6.565,6.449
604923848467467648,08512788+1155409,132.86615190719334,11.928030936523625,13.1609125,1.1501108560585709,0.7864113,AAA,12.168,11.831,11.813
604747441274618112,08543119+1156289,133.6298732810968,11.94146593079733,13.300464,2.3155915610036524,0.88352203,AAA,12.178,11.879,11.757
604978617890520064,08493168+1157195,132.38196709556294,11.95544557409199,13.670569,1.083396491583073,0.8887739,AAA,12.548,12.207,12.132
604839044337123712,08550702+1200401,133.779271431869,12.011080016622762,13.707697,0.8308343417125151,0.60715294,AAA,12.946,12.751,12.692
604974322923169152,08503940+1202338,132.66487216005032,12.04251345658294,13.603463,17.40886546057584,2.3398438,AAA,11.063,10.505,10.267
605030810332540288,08541492+1204005,133.56217243565067,12.066779116493803,13.895701,1.6647334181226752,0.93600655,AAA,12.764,12.379,12.31
604940822178327552,08534004+1205014,133.4167435523372,12.08373077442751,13.923843,1.125405471334158,0.7804041,AAA,12.922,12.663,12.587
601997597053299328,08472719+1207438,131.86327243469003,12.128828721228867,12.2646055,0.4718113325732749,1.2104597,AAA,10.712,10.161,10.025
604976556306118272,08510300+1207560,132.76246014520314,12.132281648879152,13.632501,4.289515615579498,1.377758,AAA,11.971,11.42,11.259
605000951720348288,08510946+1210188,132.78947695115554,12.171852334898034,12.890717,1.1317613850018318,0.7616272,AAA,11.915,11.587,11.563
605036647192466944,08540699+1212175,133.52909515841603,12.20487098305924,12.060573,0.8188156027657041,1.1972733,AAA,10.509,10.036,9.91
605014317658598656,08503233+1215175,132.63471980640932,12.25479193731248,13.895888,1.4966387937015626,0.80259037,AAA,12.858,12.545,12.473
605048844899585152,08535764+1215459,133.4900893784005,12.262759736287878,13.388559,1.123562286016558,0.7366667,AAA,12.434,12.2,12.157
605022525341141632,08514120+1224326,132.92163609341358,12.40909328057823,13.699181,1.1368382183664567,0.75373936,AAA,12.739,12.455,12.403
608024574336601088,08502481+1228084,132.60327188698764,12.468872733521843,13.270077,3.00779455216706,0.9825077,AAA,12.022,11.615,11.546
605025205400732672,08515050+1229531,132.96045571516586,12.49805892858214,12.168303,1.274738642541437,0.7445221,AAA,11.183,10.934,10.884
598655154720022272,08501153+1055230,132.54807640845374,10.922993380307105,13.847547,1.0076974887012726,0.84370804,AAA,12.775,12.43,12.335
598672540747538688,08521392+1102459,133.0579384967199,11.04608019962828,12.360398,1.9117226033943413,0.79966164,AAA,11.379,11.082,11.055
604630274567449344,08532089+1102529,133.33708023026858,11.048028423981611,12.446574,1.7009260305808056,0.77347183,AAA,11.446,11.201,11.163
604628011119732992,08534095+1105473,133.42060461035263,11.096483508990053,13.950994,1.6534502386279208,0.9425163,AAA,12.759,12.413,12.288
598676109865154048,08520044+1106232,133.00186117618847,11.106422961355374,13.107852,1.7745923007458857,0.8445263,AAA,11.965,11.672,11.616
598852070380683008,08491444+1106562,132.31002876826787,11.115500871615628,13.946112,3.544032227999228,1.2967749,AAA,12.357,11.773,11.668
598868837933020800,08482637+1112374,132.1098890419998,11.21038994269442,13.510285,0.2908158321570319,1.3711433,AAA,11.789,11.207,11.054
598878424301097728,08495220+1115078,132.46752725230934,11.252172498075687,12.859181,1.2277082016038856,1.1022882,AAA,11.456,11.003,10.89
604640930381330304,08540528+1118338,133.5220024202339,11.309340644574917,13.992177,1.4654320640882663,0.8142004,AAA,12.975,12.657,12.575
604638903156749312,08544364+1118396,133.68179949455936,11.310921171717164,10.829148,0.976236618593454,1.298379,AAA,9.182,8.63,8.509
598884334174935296,08511984+1122051,132.83279493282666,11.367933312612768,9.96569,2.9998805498955434,1.1147232,AAA,8.514,8.054,7.982
598919174949611520,08475468+1122515,131.97785331158246,11.380939730217214,13.980419,1.0420750987482168,0.7670975,AAA,12.986,12.675,12.674
598922473484495616,08474493+1125002,131.93723448488228,11.416711215076578,10.69564,1.283438118176207,0.45395947,AAA,10.107,9.981,9.94
604894299092732160,08512067+1131282,132.83610653628818,11.524506592103798,13.927207,0.5005479485871446,0.76919365,AAA,12.967,12.671,12.583
604892130133455488,08515640+1131509,132.98512211263696,11.530722633822045,13.165168,1.8568039479434653,0.8757658,AAA,12.07,11.733,11.682
598925870802938880,08480580+1132484,132.0242207260982,11.546724125633055,13.813463,1.166346663920254,0.7334566,AAA,12.878,12.623,12.559
604710749369622016,08523172+1134289,133.13209425568567,11.574701678617725,11.735606,2.5039795252275896,0.668026,AAA,10.766,10.584,10.493
604907390153062016,08505073+1135027,132.71139932834978,11.583942532403386,12.851842,1.5346119620339285,0.76532745,AAA,11.851,11.509,11.474
604893951199585920,08515061+1136337,132.96081652328212,11.609414202845594,13.290701,0.8990950469311935,0.6436987,AAA,12.471,12.257,12.197
598941985520230528,08473052+1137299,131.87717147486467,11.624980939323514,11.254637,3.43561920372451,0.657712,AAA,10.397,10.168,10.119
598903953585548672,08502901+1138092,132.62085201174244,11.6359111528149,13.646082,1.1420813291546128,0.74066925,AAA,12.692,12.439,12.398
604901823875341056,08522636+1141277,133.1098362843453,11.691020965269104,12.249378,1.213697106322298,1.1126966,AAA,10.845,10.314,10.263
604736381734433664,08533471+1141585,133.39461562411506,11.699582602663176,13.662275,1.1354063943768855,0.7829361,AAA,12.677,12.387,12.326
604903576222013952,08520580+1142246,133.024145343748,11.70685105938673,13.562483,1.1611473132023893,0.78445625,AAA,12.515,12.212,12.105
598963876969204736,08482506+1142272,132.1044833694996,11.707543412924416,11.843637,3.988549176820133,0.84545517,AAA,10.761,10.44,10.352
604912406674856064,08504609+1143082,132.69199810714824,11.718959347259792,12.97168,1.1260384683463016,0.7431812,AAA,12.019,11.76,11.681
604904538294704768,08514475+1145012,132.9364128137695,11.750350145304576,13.221856,1.1850340822961247,0.7272253,AAA,12.288,12.039,11.969
604905500367349888,08521134+1145380,133.0472343503758,11.760536076597916,12.695327,1.2013230888602429,0.96841717,AAA,11.452,11.082,10.993
604917281461922432,08512055+1146047,132.83557756304552,11.768010696262303,13.042321,1.1452386369686802,0.75326633,AAA,12.073,11.811,11.771
604906256281593472,08520961+1146462,133.04001385389932,11.779497951989924,13.884225,1.175451005810465,0.7675934,AAA,12.932,12.642,12.589
604918316549771264,08515335+1148208,132.97224917790228,11.805787369253986,12.582053,1.1796680102998034,0.7360163,AAA,11.625,11.39,11.305
604918316549769600,08515558+1148381,132.98155898548345,11.81060336831676,13.733011,1.1549365951807669,0.84986115,AAA,12.656,12.346,12.258
604925974475194496,08530930+1149135,133.28871350582554,11.82034525861059,13.619121,1.721592679491187,0.85701275,AAA,12.504,12.21,12.175
604743013163971072,08545028+1150537,133.70948878498584,11.848271253180394,13.551785,3.072829971132402,1.1031837,AAA,12.158,11.72,11.639
604920962249663360,08511564+1150561,132.8151086611252,11.848939492176996,12.771166,1.1324125709174997,1.0141916,AAA,11.485,11.094,11.013
601973034136134400,08472830+1152348,131.86788076884193,11.876328131377278,13.716744,1.379416782392905,0.7547531,AAA,12.773,12.511,12.452
604929036788082816,08531254+1154057,133.3022320272234,11.901627661466817,13.891986,2.1326627367395097,0.999979,AAA,12.667,12.259,12.166
604978411732085504,08494570+1156353,132.44047969468733,11.943184312130173,13.4173,1.3424572681210265,0.81579113,AAA,12.359,12.071,12.022
604967622774220160,08501313+1157294,132.55462226653455,11.95814584526982,11.532956,2.5155571324409776,0.61873055,AAA,10.723,10.517,10.485
604945014066435072,08523318+1159014,133.1383196654169,11.98370564765895,12.349817,0.2730285978455742,1.400918,AAA,10.554,9.871,9.776
604977106061961984,08503851+1207458,132.66038916287926,12.129373861086645,13.014684,1.1387764097927688,0.74192905,AAA,12.061,11.817,11.765
604954085036355712,08533445+1209352,133.39363969306038,12.159765025582333,10.179611,2.946057850240833,0.46839237,AAA,9.283,9.135,9.06
604989578646987520,08503338+1210157,132.63908043361386,12.170961736457388,13.091199,1.6947495590391308,0.74218464,AAA,12.162,11.897,11.837
607992718563478784,08485045+1212575,132.2101556986769,12.215881298879108,12.307045,6.212256284906298,1.1530485,AAA,10.875,10.353,10.27
605039606425552000,08545627+1213146,133.73441691177973,12.220698601306518,11.684257,1.9395424832007373,0.6216583,AAA,10.892,10.679,10.643
607995914019146880,08491416+1213517,132.3089875929747,12.23098177069149,12.843709,1.60267386731593,0.78480625,AAA,11.8,11.477,11.433
608001381513227136,08493081+1221077,132.3784023060548,12.35215320258069,13.05716,0.2878570367088202,1.1839876,AAA,11.544,11.019,10.916
605007858027675008,08522393+1221103,133.0997588439362,12.352887208097869,13.11072,0.4700804560863278,1.2595234,AAA,11.522,10.94,10.814
608001892613736576,08493927+1222310,132.41359409342803,12.375296852457408,13.267747,1.1358254893742616,0.74583244,AAA,12.294,11.995,11.952
605120210076345088,08522132+1234450,133.08858233442083,12.57910728039453,12.450485,3.5330671827290066,0.9043789,AAA,11.326,10.965,10.903
608040482895480576,08492547+1235297,132.35619026787637,12.591030242575536,13.172305,7.753726504767282,1.7627039,AAA,11.134,10.462,10.298
605121245163858304,08524418+1237171,133.18409701880142,12.621380017447557,13.059515,1.1221110210074334,0.79277134,AAA,12.024,11.744,11.685
608042784997937024,08495112+1240262,132.46291387003774,12.674003751356317,13.011898,1.6156788169416971,0.7961607,AAA,12.004,11.689,11.646
598669375358163072,08515030+1101354,132.95938770994783,11.026447237038903,12.392943,5.548268827495508,1.1474094,AAA,10.866,10.441,10.36
598661369537382016,08495333+1103040,132.4722449168398,11.05106088551757,13.16145,3.132945724659432,1.036706,AAA,11.883,11.465,11.359
598673365381247104,08523212+1103353,133.13387667606398,11.059765371912285,13.2249775,1.7660729790513687,0.84521866,AAA,12.125,11.802,11.697
598855197116288128,08493120+1112548,132.38002463572408,11.215212763978444,11.147776,0.7155672441735346,1.3464584,AAA,9.442,8.87,8.663
598887868932718976,08501473+1124563,132.56142107133317,11.41561239223111,13.453484,0.823570433350518,0.8293934,AAA,12.395,12.09,12.022
598893954901717248,08500038+1125407,132.50156902596976,11.427935504638432,12.602173,1.1944561482737803,0.722415,AAA,11.637,11.432,11.384
598920377540555136,08483718+1126251,132.1548684548331,11.44027731928051,10.751055,0.9740420274231196,1.1645374,AAA,9.27,8.748,8.615
604890519521489280,08515177+1130003,132.9657041111549,11.50011488702622,13.564315,1.3350499062040957,0.712348,AAA,12.65,12.377,12.317
598945318414855936,08484473+1131207,132.18636744368874,11.5223827968276,13.795906,2.105080414846356,0.9875345,AAA,12.595,12.191,12.092
604907665030971008,08504358+1135486,132.6817378672704,11.596701709286773,11.484133,3.8693314230642977,0.7534485,AAA,10.531,10.224,10.176
604893921135574400,08514608+1136183,132.94191697617248,11.604835923605265,10.978755,3.8701952320518975,0.89015007,AAA,9.833,9.495,9.373
598943192406726144,08472906+1140541,131.87101434078266,11.68167519408532,12.28041,1.615259674282825,0.61722374,AAA,11.499,11.3,11.242
604905156769963136,08521856+1144263,133.0773429470005,11.740646176154268,10.147911,1.175932797447876,1.2281027,AAA,8.572,8.087,7.923
604911375882674944,08511670+1145293,132.81952447881753,11.75816214557706,12.210929,1.0552999230438342,0.92181873,AAA,11.021,10.662,10.57
604729402411977088,08550768+1145382,133.78200228103236,11.760587597440654,11.797061,1.9139736127836533,0.95811653,AAA,10.604,10.245,10.15
604911582041107456,08511229+1146212,132.80117906395006,11.77257446108628,13.054901,1.177189770343793,0.77423763,AAA,12.06,11.751,11.704
604916873440769152,08514507+1147459,132.93777157402997,11.796090555435972,11.2212715,1.2508955092582283,1.1992569,AAA,9.684,9.183,9.045
604914777496782720,08510156+1147501,132.75644759317666,11.797265827789168,13.358971,1.119303305295679,0.7733822,AAA,12.371,12.067,11.991
604917629355037568,08512526+1148135,132.8552415064304,11.803761895867131,13.985338,1.1659984855010577,0.8990402,AAA,12.839,12.518,12.38
604906462440021504,08520861+1148158,133.03592732777153,11.804363469147802,13.628075,1.2736305247758717,0.7299595,AAA,12.701,12.399,12.361
604920584292557440,08510890+1148377,132.78704919046552,11.81052445063636,13.810784,0.870888640318543,0.8927479,AAA,12.722,12.293,12.232
604907110979352576,08520785+1149500,133.03269795301233,11.830537500608887,13.701042,1.1661968586223292,0.75565815,AAA,12.77,12.456,12.424
604921649444253952,08510595+1151098,132.77478354023353,11.85274867694054,13.180007,0.6726823071634542,0.75344753,AAA,12.189,11.928,11.866
604921168408082304,08512175+1151420,132.8405959605238,11.861671331691054,13.88508,1.135786148489855,0.8465862,AAA,12.797,12.465,12.386
604919239966985984,08515963+1152576,132.99843909344895,11.88267710862665,12.670234,1.1950705700907047,0.7535353,AAA,11.722,11.471,11.382
604969031523465728,08505600+1153520,132.73331198291802,11.897759102166257,13.502274,1.1848325254011254,0.741765,AAA,12.582,12.278,12.227
604923470510326784,08514522+1156552,132.93836375385104,11.948695079084786,13.429287,1.1938733065198046,0.7343483,AAA,12.507,12.25,12.181
604972089540120832,08512530+1202563,132.85538541143225,12.049013154771265,13.385247,1.155151961830552,1.2792387,AAA,11.671,11.123,10.971
604973017253073536,08510906+1203022,132.78770532888203,12.050601436357928,13.56774,1.1530946179273056,0.74101925,AAA,12.65,12.365,12.321
607987736401416576,08485110+1208061,132.2128878316977,12.134973831219169,13.998115,0.743422696463533,0.93266296,AAA,12.822,12.431,12.342
604988891452225152,08503478+1208312,132.6448975569487,12.14198971377457,13.735407,1.1837761595038507,0.75956154,AAA,12.765,12.559,12.433
608005122429028608,08474835+1216307,131.95130348161507,12.27492226072478,13.233225,3.7537805179693535,1.110198,AAA,11.802,11.327,11.261
605008682661424384,08515536+1217258,132.98061034433417,12.290505727111585,10.772595,2.179478751407887,0.64447975,AAA,9.968,9.785,9.676
605025244055310720,08513724+1228260,132.905217488189,12.473816828216576,13.448203,1.5095165507281494,0.8477793,AAA,12.319,11.969,11.944
608026528546174720,08500068+1230257,132.50275671525685,12.506953522962576,12.179084,2.4913846410945157,0.7446995,AAA,11.242,10.938,10.943
608030587290798464,08510303+1232531,132.76242825777254,12.548251698728928,10.26649,5.084512076625216,0.6796541,AAA,9.226,8.991,8.919
605125089159188352,08521519+1239172,133.0632689339137,12.654780615272566,10.367642,3.1409804542707147,0.69205093,AAA,9.501,9.266,9.206
598668348859510912,08511361+1059465,132.80668981602963,10.996230533439991,13.243392,0.7912485314677228,0.64750767,AAA,12.384,12.199,12.19
608049347707952768,08501724+1244375,132.57183616210656,12.743737102879091,13.516563,1.110754706642495,0.67771435,AAA,12.661,12.387,12.366
598848256449732352,08490906+1101582,132.28771386209303,11.032818658306947,12.758055,1.2751114115045072,0.680006,AAA,11.867,11.631,11.61
604629248070309248,08535011+1105503,133.45876229017983,11.097317874138083,12.874134,1.2005180246542753,0.75934696,AAA,11.896,11.668,11.55
598852242179375232,08491201+1107428,132.30004397194548,11.12837826684789,11.744475,3.285998205807965,0.72685146,AAA,10.8,10.51,10.462
604633852275255680,08532742+1111047,133.36419551334322,11.184642243359276,10.622677,1.8506101633339125,1.0553741,AAA,9.289,8.786,8.749
604680856397344128,08532214+1112230,133.34228084075914,11.206400330944396,13.656553,0.1860673692607084,1.1192799,AAA,12.199,11.691,11.633
598878424300068352,08495521+1115102,132.47998197025302,11.252778942347105,8.21223,2.4558152309639096,1.1176262,AAA,6.767,6.259,6.17
598878802258220800,08493693+1115358,132.4039237710883,11.25995283553357,12.852476,0.9133060565490216,0.7314825,AAA,11.935,11.682,11.617
598911542792049152,08475271+1115558,131.96963655107845,11.26554204353388,13.590913,1.1715897291316215,0.7312937,AAA,12.568,12.246,12.202
598692538115255552,08515686+1117586,132.986986624474,11.299593809850956,12.19757,1.703388254699305,0.60518265,AAA,11.389,11.157,11.131
598892339994035200,08491972+1121067,132.3322163261529,11.351852458751797,13.890659,0.9391422890021736,0.8205223,AAA,12.787,12.485,12.394
598884746491793024,08512428+1123173,132.85114939975372,11.388125297348465,13.011026,1.1537852378067346,0.7392645,AAA,12.052,11.805,11.746
604699445015802624,08524464+1125494,133.18597873758358,11.43037089031248,13.756668,1.125665209670883,0.74598026,AAA,12.821,12.561,12.474
598885777283950848,08510113+1126119,132.75467899209937,11.436625463058856,13.480726,0.9300418060899904,0.86439705,AAA,12.342,12.015,11.957
604694153616062208,08534566+1126307,133.44021637667134,11.441845178662492,11.89303,3.165806775849207,0.7968235,AAA,10.882,10.564,10.501
598898043710588672,08493694+1129032,132.40397813282055,11.484203509033264,13.722758,1.2922175720738975,0.8475838,AAA,12.647,12.313,12.269
598890347129151104,08505306+1131201,132.72102287875396,11.522250361479744,13.230782,1.169407184151365,0.75239563,AAA,12.251,12.014,11.923
598937072077647232,08474182+1131402,131.9241919298204,11.527839793222556,13.782518,1.3938250978672944,0.82361126,AAA,12.767,12.48,12.348
604669582107485952,08550228+1131563,133.75953057059962,11.532253271023755,9.171469,1.7266520434429051,1.3023739,AAA,7.472,6.947,6.806
604707622633508992,08531969+1132235,133.33207944114994,11.539813152009016,13.477634,0.242834183886454,1.0586824,AAA,12.088,11.587,11.513
604896635554923008,08513215+1136126,132.8839407689015,11.603474200237882,13.151058,1.1568720743566456,0.7461138,AAA,12.207,11.965,11.91
604908416649384960,08504198+1136525,132.6748898176904,11.614602330455092,12.498256,1.2122412935346087,0.8654661,AAA,11.41,11.062,10.998
604896566835438464,08513769+1137037,132.90699758067746,11.617702261869198,12.2207,1.3773084158232212,0.5397787,AAA,11.55,11.411,11.341
598961609226483456,08480371+1137211,132.01535577819666,11.622511457951909,10.7412815,3.6945580271518814,0.599967,AAA,9.957,9.766,9.709
604897047871749376,08515345+1138326,132.97266682757402,11.642391248543529,12.53787,1.163966201676433,0.74940586,AAA,11.567,11.312,11.276
604909000764935936,08505308+1140021,132.72110263208714,11.667283984723577,13.522219,1.1413474446249217,0.74252796,AAA,12.577,12.344,12.259
604727654360927104,08545316+1142222,133.72157257339495,11.706152965435502,9.223452,0.4906486091726532,2.2776155,AAA,6.561,5.716,5.423
604911199788235648,08511628+1144328,132.81779657290343,11.742470236647666,13.301689,1.1727584165852136,0.76684284,AAA,12.308,12.021,11.954
604905534727086336,08521342+1146013,133.05590423274012,11.767011728804636,13.319092,1.1655713612446683,0.648366,AAA,12.507,12.284,12.237
598965487581269504,08481950+1146414,132.081231851401,11.778062550683096,12.925371,1.3505893774311006,1.1156435,AAA,11.533,11.065,10.96
604905019331022080,08515852+1146529,132.99374956558643,11.781416089515195,12.2996645,1.4259508770989169,0.7902508,AAA,11.264,10.988,10.907
604917629355038720,08512408+1148218,132.850311092646,11.806077942155428,12.679014,1.155961334790509,0.7448349,AAA,11.73,11.48,11.427
598969477606561792,08475867+1148531,131.9944072468673,11.814658956024594,13.734478,1.7037146169822168,0.9092159,AAA,12.607,12.257,12.212
604917663714774784,08512495+1149007,132.85391265515494,11.81687446410504,13.094708,1.2258146711835962,0.76790714,AAA,12.128,11.834,11.782
604906702958193152,08520215+1149083,133.00893277320804,11.818979478458504,13.218655,1.1807411446386769,0.7462158,AAA,12.26,11.972,11.923
604918041671892352,08512652+1149202,132.86046098811008,11.822305410733648,13.336247,1.1482388377692994,0.75470257,AAA,12.348,12.092,12.015
604906737317927296,08520715+1149254,133.02972942766417,11.823727025673374,13.264436,1.1570041195447474,0.740324,AAA,12.312,12.079,12.014
604917934296938240,08514245+1149519,132.9268333531552,11.831089645075568,12.405653,1.172419008532738,0.7626152,AAA,11.427,11.156,11.097
604918179110923392,08513425+1150544,132.89268700719853,11.848460302513542,13.5574465,1.1072005613942684,0.72383595,AAA,12.585,12.341,12.257
604907218354250496,08521867+1151339,133.0778891508009,11.859358002312232,12.083039,2.9866675575542154,0.74406433,AAA,11.137,10.837,10.803
604921374566324992,08511969+1152107,132.83199152304246,11.869638921895689,13.745495,1.1417129723773067,0.8191881,AAA,12.717,12.368,12.305
604921271487102464,08512552+1152388,132.85629405396207,11.87744089449727,13.119683,1.14643050404975,0.7652111,AAA,12.15,11.897,11.81
604921855602675840,08510752+1152561,132.78127078733152,11.882246851764018,13.732728,1.1172560393619997,0.7682867,AAA,12.744,12.493,12.413
604921438990241280,08511576+1152587,132.81560950891807,11.882997663173676,12.6730175,1.2440520907271904,0.74487686,AAA,11.728,11.453,11.391
604969203322163840,08504811+1154476,132.70041475145578,11.913238056840608,13.95246,1.1281623824642129,0.7931795,AAA,12.963,12.668,12.611
604924497006948736,08513795+1158491,132.9079756454988,11.980314706148244,12.583746,5.259112145498908,1.1637669,AAA,11.138,10.686,10.579
604979987984213632,08494779+1158506,132.44905831010325,11.980702618949046,13.207407,1.1517035789481922,0.73400307,AAA,12.292,12.034,11.975
604948381320634880,08514042+1201501,132.91841386338848,12.030625796572226,12.50526,1.281584079905263,0.70580006,AAA,11.596,11.355,11.281
604974322923167488,08504037+1202385,132.66817765209467,12.044008196478378,13.70182,1.1506098304151269,0.74299717,AAA,12.786,12.515,12.466
604975250636113792,08502777+1203583,132.6157724516098,12.066119220065424,13.032523,1.6130154283238427,0.82019997,AAA,11.999,11.664,11.629
604973085972551296,08510470+1204193,132.76953337602475,12.072005630471182,13.405049,1.1485572710917131,0.7436886,AAA,12.472,12.194,12.136
604995656025104768,08512799+1204198,132.86656156439935,12.072211703930616,12.061599,3.0312809685521507,0.7552662,AAA,11.128,10.869,10.801
604987237889006336,08502305+1206148,132.59604508491157,12.104049467788922,13.347563,1.0096340606750631,0.8258352,AAA,12.286,12.058,11.906
604941097056229760,08535725+1206357,133.48848257716904,12.109926760251462,13.717589,0.0635161552461933,1.3545427,AAA,11.982,11.329,11.231
604950133667243520,08522398+1206524,133.09994409287407,12.114531004068027,13.618591,1.3800058190616915,0.8791647,AAA,12.511,12.157,12.088
605032287801286016,08542999+1208140,133.6248877595375,12.137240621768782,13.577126,1.6324331661030314,0.8675146,AAA,12.509,12.206,12.156
601998318607804032,08473793+1208384,131.90803831066953,12.14398359782805,12.5760765,0.8961207564523231,0.6060333,AAA,11.777,11.572,11.529
607991515972636800,08481206+1209193,132.05027350598166,12.1553131895745,11.6741905,0.5622326358880106,1.1629353,AAA,10.182,9.685,9.562
604992258706635520,08493387+1210146,132.39087730250452,12.170842774554602,7.6000934,16.694126797894192,0.67128706,AAA,6.723,6.52,6.467
601999250616455168,08473559+1210146,131.8983060301823,12.17069243211625,8.218385,1.5435949287383588,1.4184194,AAA,6.391,5.752,5.612
605003631779902080,08513372+1216336,132.8905124681873,12.276016021374913,13.867579,0.8177648960663202,0.77850914,AAA,12.882,12.615,12.502
605014485161527808,08504073+1217001,132.66959168169387,12.283271249147944,12.244244,0.7353285106112064,1.0125532,AAA,10.908,10.463,10.395
605018161653531904,08503351+1219402,132.63978921294228,12.327676584439214,11.464719,4.194875561542895,0.8020382,AAA,10.475,10.141,10.088
605054067579960960,08530768+1221146,133.28202983664423,12.35408692270879,13.119579,0.3390788464985462,1.1590328,AAA,11.614,11.067,10.99
605010263209376256,08520133+1221266,133.00552743719754,12.35740771496742,13.838723,0.7933952770018893,0.6682663,AAA,12.96,12.717,12.669
605058263763403392,08540898+1224245,133.53739389562682,12.406822806200168,11.891255,0.7187397903145326,1.2148008,AAA,10.323,9.789,9.651
605026549725388800,08511131+1227483,132.79708069090884,12.46345488391429,13.724224,2.5439944351312187,1.0370321,AAA,12.446,12.026,11.912
608019175562162816,08485167+1231385,132.21528609946242,12.527352624735002,13.913929,0.9275711170822608,0.76548576,AAA,12.969,12.703,12.629
608040100642827136,08491094+1233177,132.29560134569576,12.554884975702109,11.42042,2.1405528595688628,0.7756872,AAA,10.437,10.153,10.064
598640036435112576,08511018+1051561,132.7922637572931,10.865453410109096,13.962428,2.1748371748446798,1.0376225,AAA,12.66,12.249,12.133
598667146268665344,08512445+1057079,132.8518775078721,10.952181216205773,13.44933,0.7480906657441936,1.0913734,AAA,12.031,11.586,11.471
604678691733846784,08525643+1108073,133.23513448673302,11.135319723128369,12.01544,2.818596298755629,0.8421755,AAA,10.937,10.568,10.465
598853749712531456,08492019+1108503,132.3341762919637,11.147226637760248,11.501609,1.3023900005148026,0.6353378,AAA,10.699,10.472,10.402
598854372483142016,08493858+1111369,132.41071291540078,11.193476707991646,11.4041195,2.134832099253704,0.78991985,AAA,10.405,10.115,10.051
598690854488080128,08520205+1113378,133.0084800091323,11.226953333554947,9.325434,6.305478215748696,0.7041702,AAA,8.379,8.112,8.053
604696386999110400,08522376+1117482,133.09899463584668,11.296698000117589,13.772421,0.9679368270891052,0.718503,AAA,12.804,12.581,12.469
604642712792090112,08540767+1121035,133.53189558410125,11.35102881815328,12.839014,2.1178646549600675,0.77711964,AAA,11.859,11.603,11.54
604703495169898112,08523205+1128565,133.1335544880003,11.48216774956834,12.622208,2.810078657011493,0.8920584,AAA,11.469,11.096,11.033
604892031349972480,08515383+1131072,132.9742913211736,11.51867093995629,13.518902,0.5625550339079081,1.1184845,AAA,12.059,11.576,11.472
604704560321786368,08521473+1131073,133.06136403339744,11.518703625496729,12.675331,1.143756697211575,0.7033138,AAA,11.787,11.511,11.461
598899211941691648,08493284+1131501,132.38671463872672,11.53054825824739,11.244417,5.312092794969488,0.8536444,AAA,10.144,9.805,9.725
604895536043321472,08510184+1134011,132.7576728678032,11.5669753745288,13.889378,0.9124312559398698,0.974247,AAA,12.627,12.203,12.121
598952911917441664,08493865+1137066,132.41103006323635,11.618458897241451,13.186102,1.1872158647678066,0.8526087,AAA,12.072,11.706,11.636
604908352225725568,08505976+1139222,132.7489565369424,11.65614696340193,12.607279,4.662505899320108,1.3311958,AAA,10.995,10.462,10.314
604903468852379904,08520356+1141238,133.01477662817524,11.689962317917043,12.572901,1.1348171776928684,0.7383938,AAA,11.634,11.365,11.306
604901957018617728,08523026+1142505,133.12610322120312,11.714006761625196,13.976336,1.0678979629082317,0.7843218,AAA,12.948,12.689,12.645
598959032246073216,08492491+1144057,132.35375633346118,11.734898775706464,11.784922,1.2256855861421474,1.1588373,AAA,10.296,9.831,9.708
604911410242411136,08511736+1146031,132.8222911797527,11.767553359645758,13.777426,1.1106803155947071,0.7652292,AAA,12.823,12.555,12.475
598965418861793280,08482629+1146050,132.1095743787169,11.767986677067848,12.738594,1.510723544342024,0.71945477,AAA,11.816,11.526,11.488
604917285757665920,08512057+1146163,132.8356724961179,11.771211754506856,12.782083,1.1729727079209071,0.60569096,AAA,12.004,11.833,11.791
598965487581269376,08481985+1146516,132.08273725374946,11.780897750763394,13.963865,0.8621076985393841,0.79146767,AAA,12.96,12.661,12.608
598971195593467904,08483849+1147175,132.16026347043683,11.788255419034387,13.477284,4.255123011759407,1.2450838,AAA,11.952,11.386,11.295
604740981643806208,08543992+1148138,133.66629392150324,11.803889162145516,12.493944,1.7791799000760675,0.67176056,AAA,11.615,11.346,11.317
604918591427681024,08514864+1149156,132.9526148343308,11.821001917031989,10.866512,1.084898449645579,0.27563953,AAA,10.488,10.427,10.402
604934362547518080,08534915+1156291,133.45475156121776,11.941393626850967,12.779684,1.056605720345105,1.0851593,AAA,11.406,10.973,10.849
604944086353518592,08520330+1158046,133.0137191460236,11.96794278841992,13.851966,1.146057830424664,0.7825279,AAA,12.855,12.556,12.514
604924634452045824,08513009+1158245,132.87544441753195,11.973504168496692,13.894102,0.6318507840722396,0.6791115,AAA,12.977,12.748,12.685
604971264906413440,08512150+1159048,132.839547685253,11.984650561946603,13.970555,1.2913879865767568,0.77164364,AAA,12.989,12.706,12.641
604971264906411904,08512216+1159088,132.84226760275962,11.985865054519028,13.640763,1.5197858798587374,0.7966385,AAA,12.626,12.315,12.214
604970783870106624,08505702+1159158,132.73755716442255,11.987734514931494,12.96438,1.135392019914078,0.75546074,AAA,12.003,11.726,11.673
604841728693042176,08543762+1159370,133.65673302728285,11.993605706673096,13.099832,0.3442368350555149,0.8063717,AAA,11.889,11.57,11.488
604980473316372736,08500189+1200320,132.50782931473327,12.008888438233145,13.20877,0.9161526858826112,0.716733,AAA,12.307,12.089,11.998
604984665204470016,08492148+1204228,132.33945830233864,12.073040130074835,12.215913,1.2235920638681677,0.70082474,AAA,11.157,10.926,10.859
604996106997222912,08513823+1205075,132.9092360349069,12.085434056736943,13.646353,1.2861531070652772,0.7661152,AAA,12.655,12.407,12.262
604996068341455744,08514960+1206575,132.9567532169702,12.11591347538084,13.963866,0.4194919237148879,1.0083122,AAA,12.646,12.215,12.105
604941883034049280,08532523+1207057,133.35503961173302,12.118259293172784,13.342991,1.0313301184436148,0.6130209,AAA,12.593,12.381,12.321
604997206508853632,08512836+1207385,132.86812383948373,12.127381544528468,12.454363,1.2285507074238418,0.6010361,AAA,11.653,11.481,11.431
604977037342478592,08504379+1207407,132.68249099989924,12.127987626369178,8.916858,0.7909479694894175,1.9450145,AAA,6.544,5.727,5.515
605000024007420416,08510439+1208246,132.76823575866436,12.140145801880488,13.141925,1.1616089197820474,0.76594925,AAA,12.181,11.917,11.85
608004164652071296,08480934+1213572,132.03890919479966,12.232583133940937,12.199174,1.6754683779682318,0.68348217,AAA,11.349,11.128,11.064
605006101385053312,08521053+1217538,133.04381869043252,12.298252915573457,9.705128,5.499949717927109,0.70868206,AAA,8.799,8.559,8.454
605018750064853760,08501492+1220272,132.56215898950333,12.340864815260849,13.928545,0.6811220542897972,1.1000605,AAA,12.583,12.133,12.007
605120832847003520,08523874+1235497,133.1614973685343,12.597141838900884,13.648117,0.7087487711862646,1.1293344,AAA,12.219,11.745,11.676
605125054799449728,08521837+1239249,133.07663398757717,12.65692622205436,12.72154,1.8407023109457017,0.7151966,AAA,11.823,11.61,11.569
608033881531067648,08511434+1240027,132.80977615756353,12.667438855865848,13.253079,0.4484150749943518,1.1170244,AAA,11.813,11.297,11.199
598665084684327040,08521187+1058124,133.0493761460232,10.970137033861455,10.516026,4.533670519862221,0.76157284,AAA,9.565,9.32,9.249
608049175909265536,08500821+1243252,132.53420270990213,12.723630529085792,11.617917,0.7963920664266425,1.1444998,AAA,10.141,9.625,9.541
598849012364011520,08494990+1102412,132.4579057505083,11.044570565887176,11.09647,2.9461401204820885,0.8242197,AAA,10.057,9.742,9.675
598669684594080512,08514887+1103223,132.95295686632255,11.055992021806164,10.307779,9.229222284391714,0.94942665,AAA,9.101,8.769,8.701
598852826296025728,08485622+1108327,132.23428609456263,11.142389843437584,12.402362,1.9036922332157364,0.71491814,AAA,11.279,10.986,10.955
598678003945922944,08521748+1110524,133.07277679493671,11.181215924055037,13.005664,3.1637314252265254,1.0072393,AAA,11.747,11.341,11.309
598873918878952704,08502713+1110571,132.6130748770782,11.18245841946412,12.854787,1.5755242634312987,1.1660757,AAA,11.422,10.933,10.808
604633470023113600,08534839+1112451,133.451651466569,11.21251478845694,13.667922,0.988182365968082,0.7979803,AAA,12.645,12.344,12.301
598870074883601280,08482147+1115449,132.08945472149102,11.262528416885614,13.762543,0.8733687187764146,0.68521786,AAA,12.886,12.655,12.586
598879111494760704,08493991+1116156,132.4162799377851,11.270945304753411,12.587991,2.6620251632218914,0.87792206,AAA,11.487,11.205,11.119
598877084270172672,08503403+1117173,132.64180482135228,11.288079961755438,12.999082,1.3484387258032864,0.704092,AAA,12.097,11.823,11.782
598882169510991872,08505954+1117310,132.74806266262866,11.29191513124776,11.5057955,2.3442993516970443,0.7108555,AAA,10.59,10.358,10.296
598692538115255936,08515690+1117549,132.98717990840333,11.298575058839717,10.688121,2.000599135219598,0.33673,AAA,10.255,10.189,10.137
598870757783016448,08482232+1118172,132.0930165991547,11.304772462250464,11.685758,1.212785705849012,1.094737,AAA,10.299,9.864,9.733
598884952650222336,08512395+1124494,132.84974869133725,11.41369687300574,13.148294,1.1383217473343883,0.7302246,AAA,12.22,11.935,11.895
598886017802111104,08512057+1127446,132.83571089528093,11.462369707446507,12.906685,0.3012573450247268,1.0544624,AAA,11.517,11.088,10.984
598944841674153088,08484198+1129080,132.17489838559055,11.485595736997723,12.607081,1.8137226568898257,0.6696348,AAA,11.735,11.49,11.472
604716006409635456,08544465+1130053,133.686049092436,11.501442758406302,10.273758,2.494463793808459,0.5158415,AAA,9.621,9.457,9.426
598944635515718272,08485445+1131061,132.22688594970916,11.518199008485894,13.839614,1.9137967268535083,1.1438274,AAA,12.419,11.924,11.848
604894707113832704,08512593+1133001,132.85802503339934,11.550009171192468,12.560714,1.1060934570050205,0.7372503,AAA,11.635,11.403,11.3
604908455306509056,08504499+1137302,132.6874425113845,11.625085866247588,11.888347,3.8908407648375056,0.9676962,AAA,10.662,10.302,10.199
598951438743912192,08484433+1138342,132.18468693471257,11.6428383572492,13.178524,1.1462695606402389,0.7356272,AAA,12.235,11.977,11.923
604908386585458944,08510365+1140309,132.7651435231104,11.67526999886678,13.252105,0.8393156300043457,0.7406626,AAA,12.287,12.021,11.964
604910688686988288,08505842+1142120,132.74342875908457,11.70342849736076,13.58818,1.596437617104938,0.8143139,AAA,12.104,11.783,11.696
604901652076632960,08524165+1143286,133.17343198446986,11.724561164918253,13.995899,0.8230729918408493,1.066515,AAA,12.65,12.155,12.098
604917487620349184,08511734+1147005,132.8222290853847,11.783505206210943,12.937614,1.1946952151594008,0.728776,AAA,12.017,11.749,11.723
598969718124729216,08475954+1149542,131.99809898547605,11.83169253553092,13.931716,0.6750444826467084,0.8029423,AAA,12.908,12.528,12.523
604920927889929216,08511268+1150345,132.80277383094378,11.84293949128852,13.486864,1.20271063953514,0.74941254,AAA,12.536,12.276,12.194
604920923594172928,08511360+1150380,132.80665032201827,11.843909917167544,12.152578,1.0850906354783445,0.8487072,AAA,10.972,10.67,10.599
604920923594172672,08511444+1150402,132.81010485552775,11.84452229275972,13.237622,1.1303945339284969,0.74976254,AAA,12.281,12.031,11.948
604921129752600832,08511877+1151186,132.82816875996772,11.855184554157471,12.798285,1.158826963687591,1.0301142,AAA,11.502,11.089,11.02
604969168962427904,08504634+1154310,132.69307431468172,11.90861761695279,13.475734,1.1389694984527998,0.8123636,AAA,12.432,12.137,12.082
604967858996571392,08495814+1155532,132.4922235317308,11.931379934495956,12.313837,2.327568118034748,0.694644,AAA,11.428,11.208,11.144
604969787437705216,08505439+1156290,132.72659575297266,11.94139687712538,12.633916,1.1235082277517143,0.72618484,AAA,11.706,11.435,11.372
604967996435524224,08500003+1156481,132.50005511409978,11.946678679681412,13.381305,1.1416691827051262,0.7361841,AAA,12.463,12.189,12.155
598978342419035904,08484901+1158336,132.20420894486324,11.975944504891032,13.599147,0.8685167952988271,1.1084118,AAA,12.201,11.766,11.676
605030840396683904,08541646+1204037,133.56844627321948,12.06776844639127,13.408762,1.1926508451416722,0.92199326,AAA,12.261,11.945,11.901
604949034155646592,08515174+1204467,132.96554980137256,12.079669720990868,13.310611,1.155380039750886,0.7494755,AAA,12.374,12.143,12.071
601986979894141440,08480433+1210049,132.0180553211671,12.167977659434886,12.0198965,0.5226274895777988,1.027853,AAA,10.683,10.233,10.165
605004387694123136,08521407+1212442,133.05859253999216,12.212282681852493,13.580754,1.116752239617244,0.7415848,AAA,12.636,12.385,12.301
605040358044209920,08545330+1213284,133.72205955666288,12.224548501200182,13.8220825,1.0603150376813213,0.7755041,AAA,12.88,12.599,12.564
605003185103316352,08512515+1214495,132.8547171380894,12.247118229980837,13.3435,2.8818966882962003,1.2312546,AAA,11.747,11.229,11.102
605013767903055616,08505433+1215341,132.72636286003353,12.259465576886152,13.485824,1.0998206019645695,0.7329273,AAA,12.566,12.287,12.236
605006105681033344,08521116+1217429,133.0464197585034,12.295237883579931,11.546223,5.536275434285924,0.9528637,AAA,10.342,10.01,9.921
608000419440566528,08490492+1219342,132.2704976406515,12.3261778121105,13.51873,0.7939914755788119,0.6599684,AAA,12.655,12.414,12.373
608013579220366336,08483954+1223572,132.16473061268618,12.399182743120988,12.628834,1.1968188235127355,0.69997597,AAA,11.711,11.491,11.465
605019982720567808,08505020+1224019,132.7091428552134,12.400447767813503,12.101649,1.947117979674997,0.6839533,AAA,11.263,11.016,10.991
608040684758376704,08492247+1235555,132.34364528512313,12.598792842644189,12.860282,0.6031086727009731,0.65161896,AAA,12.038,11.795,11.747
608035152841386240,08503798+1237299,132.65821514184228,12.62497933359121,13.231938,1.1323044377193092,0.71844006,AAA,12.299,12.059,11.997
608037901620454400,08503583+1242316,132.64920607082243,12.708728137215829,13.430124,1.4722646665853436,0.77324486,AAA,12.418,12.126,12.077
598666184195961344,08515877+1100090,132.9948120804521,11.002553888459182,13.433474,0.8582643281358753,0.65703297,AAA,12.509,12.328,12.225
608052092191505664,08495650+1244360,132.48541304805366,12.743329700628808,13.795974,0.7578103678601537,0.5821943,AAA,13.077,12.897,12.806
598845679469358464,08485492+1104134,132.22876690255788,11.070379053753909,13.369392,3.0525171171521217,1.0060368,AAA,12.088,11.661,11.623
598682986108054912,08510132+1105043,132.75546030837336,11.08452586172486,13.949178,0.7821605693463909,0.8089714,AAA,12.86,12.578,12.516
604636321881362432,08542527+1112277,133.6053204714753,11.207668811836648,12.851939,4.230070539014725,1.071743,AAA,11.505,11.059,10.967
604636562399566848,08541769+1112300,133.57369129738086,11.208332101627532,12.921674,2.0210364716274616,0.81597614,AAA,11.885,11.558,11.469
598877840184438016,08495399+1113436,132.47490548649498,11.228698232329949,11.320121,1.841619881061684,0.6960764,AAA,10.431,10.212,10.142
604683776975118976,08524902+1115555,133.20422893161194,11.26542069094818,12.234204,0.7268836501900886,0.4473877,AAA,11.59,11.277,11.226
598877530946179200,08502672+1119228,132.61132248068873,11.32296550745023,10.997499,5.7747571462210505,0.8216877,AAA,9.959,9.684,9.604
598880515948711424,08502915+1120268,132.62146172645674,11.340784869864208,13.715788,0.6059925745066843,0.5809803,AAA,12.974,12.785,12.759
604713876105870848,08541988+1125578,133.58279159968316,11.43271737501495,13.370337,1.435005490941381,0.7581663,AAA,12.405,12.163,12.04
604706385682950144,08524345+1128585,133.1810050984363,11.482937470546966,12.409035,3.363416056347062,0.9393892,AAA,11.204,10.847,10.763
598890381488889088,08505522+1131145,132.73001873364126,11.5207039282977,13.999897,1.1778103885999522,0.78497314,AAA,13.009,12.75,12.643
604899453053404160,08522093+1139063,133.0872200776265,11.651771441512649,13.04971,1.3487223903328769,0.7578497,AAA,12.065,11.775,11.707
604909172563627392,08505341+1140434,132.7225863190339,11.678703532423537,13.551199,0.928988272645371,0.802928,AAA,12.531,12.216,12.164
604727203388724480,08544519+1141052,133.6882594081435,11.684645547843292,13.713948,2.6385748292475597,1.0333633,AAA,12.41,11.954,11.884
604734148351495808,08541197+1141195,133.5498784859637,11.688761967204568,12.698385,1.536076537013739,0.63985825,AAA,11.869,11.674,11.626
604727757440140416,08545806+1143034,133.74193904548187,11.717629341831364,13.514575,0.3756229527114832,1.1632643,AAA,12.029,11.474,11.38
604903713660959488,08521074+1144058,133.04471397852356,11.734950880736651,10.640092,1.1820988824831915,0.1401701,AAA,10.412,10.427,10.406
604916731706106752,08514268+1146365,132.92778912251106,11.77678565518419,12.253431,2.045048344636363,0.76871586,AAA,11.238,10.939,10.88
604917423196609280,08512536+1147342,132.8556647740653,11.792844689726236,12.390759,1.0055823609241108,0.7672701,AAA,11.406,11.154,11.07
604917526275831040,08511918+1147546,132.82987263744636,11.798511415909555,13.535529,1.1693028487856258,0.76366234,AAA,12.566,12.247,12.182
604914708777298816,08510781+1148093,132.7825277025771,11.802599430947929,11.448335,1.764913306958535,0.5693121,AAA,10.697,10.509,10.455
604962365734255744,08502698+1148313,132.61239985454657,11.808684045409905,13.184756,1.1380132062573187,0.7799177,AAA,12.177,11.903,11.829
604917831217725312,08513057+1149131,132.877350503302,11.820329049332091,12.542159,1.1734913720701554,0.7674351,AAA,11.547,11.292,11.225
604920683076006272,08511901+1150057,132.8291867238187,11.834918935672093,12.390369,1.1486175014484674,0.7697544,AAA,11.428,11.155,11.106
604918179110923520,08513257+1150406,132.88569047044473,11.844607163145648,12.182929,1.1771611230855017,0.33847523,AAA,11.73,11.657,11.617
604921512005266048,08512618+1153520,132.85904725233848,11.897760851989633,10.205753,1.1845211386424317,1.2274218,AAA,8.619,8.113,7.96
604969203322162816,08504976+1154244,132.70729070042316,11.906764677711688,13.862936,1.172104512108807,0.7744694,AAA,12.887,12.555,12.503
604967244817098240,08501827+1155212,132.57608510110327,11.922538671175417,9.665227,1.294647982490923,1.2372551,AAA,8.087,7.531,7.423
604923367432823808,08514388+1156425,132.93281414390037,11.945133727472603,10.234691,1.1780903783504708,1.2470694,AAA,8.618,8.114,7.996
604946972571361152,08515145+1157497,132.9643616896929,11.963813202369447,12.647075,1.3315402711234396,0.7408905,AAA,11.702,11.445,11.355
604972226979105664,08510291+1200214,132.76210193196212,12.006009890745084,13.996565,2.421483824773696,1.1144495,AAA,12.64,12.188,12.03
601998215528589312,08474378+1207594,131.9324245681864,12.133153328943733,12.931565,0.7627355245356502,0.5661249,AAA,12.181,12.011,11.955
605054484192277504,08531494+1222336,133.31220002074534,12.375966321591486,12.387456,1.909407333580325,0.6863375,AAA,11.521,11.276,11.22
608003335722745856,08491878+1226439,132.32827683174355,12.445483972935882,12.367238,0.8491890946180262,1.1625099,AAA,10.863,10.359,10.24
605026549725389952,08511078+1227448,132.794968280989,12.462430763815313,13.335049,0.7629241900193677,0.7147331,AAA,12.434,12.186,12.129
605024350702099456,08515397+1227466,132.97490196812947,12.462882315407906,13.967761,1.6532315450139174,0.87349415,AAA,12.861,12.562,12.48
598655532677136256,08503181+1054192,132.63261182744364,10.905268774029423,12.28717,0.2481393249469701,1.250824,AAA,10.681,10.104,9.999
605123993942814976,08514020+1237090,132.9174291317755,12.61917373338622,13.885924,1.1744286060127522,0.88317966,AAA,12.754,12.437,12.33
598617943123292416,08521000+1055442,133.0416850637062,10.928890718438762,13.667251,1.2705602038194703,0.8093195,AAA,12.59,12.342,12.251
598667008829721856,08511300+1056343,132.8042075070918,10.942838205234558,13.447856,1.5401349984712578,0.7848625,AAA,12.424,12.155,12.082
608036943842391680,08505378+1241012,132.72416596098057,12.68361399655918,13.48398,1.03373008560986,0.91561604,AAA,12.333,11.962,11.88
598671647394332544,08522988+1102243,133.12456278884562,11.04007049179996,12.374294,2.1531537297056107,0.6820698,AAA,11.489,11.247,11.191
598672472028073088,08520342+1102496,133.01422406177733,11.047126329696107,11.073247,0.6740038190168248,1.1588364,AAA,9.531,9.079,8.998
604631069136455808,08532424+1105556,133.35099761207866,11.098807338572032,13.953985,1.218127892795721,0.9104748,AAA,12.802,12.439,12.394
598674018216264064,08524321+1107237,133.17985692055433,11.12321793691044,9.96724,7.069212868914504,0.76392746,AAA,9.009,8.768,8.639
604631825050707456,08530780+1107416,133.2824743355283,11.128226263672232,13.825941,3.1904490601937208,1.1778927,AAA,12.366,11.849,11.783
598853857087072000,08492899+1110075,132.37083589046236,11.16876223797435,12.481152,1.9717333210581576,0.76229954,AAA,11.503,11.254,11.137
604679928684426752,08525040+1111066,133.2099881722982,11.185213186632671,12.657259,1.3902183065340128,1.1257458,AAA,11.203,10.771,10.603
598867841500591616,08490035+1115364,132.25137650616892,11.26005748237043,13.037207,1.887697371199584,0.8008852,AAA,11.994,11.713,11.631
604685391882809728,08530558+1118063,133.27320108658589,11.30177403440984,13.09458,1.0682651395653544,0.968977,AAA,11.853,11.484,11.409
598895810327610624,08491393+1123210,132.30805700588095,11.38919840881702,13.295539,0.7347735005548701,0.5707369,AAA,12.557,12.358,12.327
604702911059189504,08521524+1127012,133.06353962032674,11.450283823236802,12.31929,2.086039485504425,0.83361816,AAA,11.23,10.916,10.848
598900788194342528,08495920+1128416,132.49664458015798,11.478195951185253,13.05644,1.0659845025103598,0.74163437,AAA,12.106,11.869,11.79
598945558933024000,08483602+1131469,132.15010626747406,11.52967311580542,13.105896,1.499053377333108,0.70645714,AAA,12.196,11.912,11.9
604718750893090304,08541333+1132132,133.55552692512632,11.53700116305476,13.519248,1.425988790437785,0.74526787,AAA,12.549,12.285,12.27
598902682275232640,08503379+1134213,132.64075227191051,11.572577923148446,13.559339,1.1608150866882294,0.74651146,AAA,12.603,12.341,12.275
604909657895767680,08511904+1140156,132.82930655944386,11.67102664949278,13.576005,1.17253033894808,0.73956585,AAA,12.638,12.376,12.337
604903026466218368,08515489+1140264,132.97858684950646,11.673811977562528,11.31192,2.9843892353773427,0.7342882,AAA,10.347,10.102,10.031
598955802430663680,08494289+1143088,132.4286582814481,11.719098809658549,12.556582,1.1505987118170358,0.73915195,AAA,11.626,11.362,11.265
604904503934969856,08514355+1144264,132.93140647428353,11.740680776325666,10.464759,1.2178935993126014,1.2657413,AAA,8.838,8.294,8.163
598959100965548416,08493261+1144551,132.38579114165785,11.748407986752593,11.318048,2.2385642813967634,1.0247583,AAA,9.985,9.547,9.443
604911341522932352,08512080+1145024,132.8366395258635,11.750680669965403,12.946713,1.1754835943173385,0.77453804,AAA,11.928,11.679,11.603
604904533998990592,08514375+1145148,132.9322467692491,11.754114740587678,12.958711,1.1480116098473825,0.7166929,AAA,12.027,11.805,11.729
604916701642080000,08514641+1146267,132.94334899041655,11.774074062147497,13.249134,1.1398841940372748,0.73538685,AAA,12.321,12.041,11.987
604916976519989248,08514149+1147361,132.92284520452912,11.793367350545322,13.944253,1.1718476550398178,0.80461025,AAA,12.912,12.601,12.531
604917629355042176,08512280+1148016,132.84496547830224,11.800481666248835,10.169919,1.157624067458051,1.236659,AAA,8.56,8.075,7.942
604915567770582912,08505171+1148102,132.71544678175795,11.802970187494124,13.059261,1.2110309771554728,0.7162466,AAA,11.611,11.342,11.288
604915567769578112,08505171+1148102,132.7153151775061,11.802813873037149,13.53045,1.1731001279752378,,AAA,11.611,11.342,11.288
604914708777297280,08510925+1148206,132.7884736054834,11.805723194140636,13.22975,1.1881258533755474,0.7428093,AAA,12.292,12.009,11.958
604917728138508160,08512377+1149493,132.84901041231075,11.830359410314015,11.241152,1.1074495819292327,1.0594492,AAA,9.897,9.482,9.367
604907115275046656,08520741+1150221,133.03085815325235,11.839476227075242,13.080602,1.1406007062193395,0.7654743,AAA,12.097,11.823,11.806
604942505805553920,08521641+1152402,133.06847490848938,11.877799091862542,13.515175,1.1976828674416866,0.69648457,AAA,12.592,12.297,12.273
604920240695111424,08514935+1153388,132.95558297375214,11.89417916328316,7.543855,3.439539444543372,1.2504802,AAA,5.889,5.409,5.232
604923470510324224,08514883+1156511,132.9534438346125,11.947554554442505,12.654641,1.2449842824121795,1.1066475,AAA,11.256,10.779,10.705
601980799436997376,08481936+1159229,132.08052119324051,11.989686348860056,13.83383,1.555584471277486,0.82693386,AAA,12.791,12.435,12.408
604945220224861184,08523676+1201094,133.15321815594055,12.019148865502414,13.374282,3.870053744465874,1.2319422,AAA,11.86,11.348,11.24
604842102353837952,08545739+1201313,133.73911224513682,12.025354393567117,12.753518,0.6387705744612394,1.1965294,AAA,11.244,10.695,10.615
604974219843958400,08503613+1202254,132.65050428422904,12.04041575003972,13.673564,0.7317457249246287,1.1384392,AAA,12.244,11.783,11.694
604981607187745792,08494517+1202271,132.4381456715036,12.04085004079514,13.389088,1.1297047483040137,0.71811676,AAA,12.444,12.18,12.156
604975731672412160,08505909+1204185,132.74619731915536,12.07180821589835,13.720022,0.7449114714772354,0.68131065,AAA,12.849,12.593,12.567
604950477264649600,08515993+1204589,132.99967871099096,12.083027369596389,12.646977,1.1974625837613575,0.75673866,AAA,11.663,11.413,11.385
604987306608483584,08501362+1205096,132.55675137691927,12.085964946554562,12.181097,2.34090093667907,0.7056503,AAA,11.293,11.086,11.006
604997202213330560,08512734+1207406,132.86371938949912,12.127791998043406,8.157011,5.622660195526254,0.49772835,AAA,7.285,7.134,7.086
601986949830116224,08475900+1209234,131.99582712205813,12.156488853924309,11.704589,0.61930114995664,1.222435,AAA,10.167,9.613,9.527
604989372488540416,08504704+1210128,132.69592754536365,12.170191041429607,12.497732,1.1399150776506994,0.8481989,AAA,11.425,11.101,11.059
604992288770544640,08493512+1210395,132.39630912291693,12.177667882722158,12.364269,0.7526351674592907,1.1124458,AAA,10.938,10.458,10.351
604998404803662080,08520136+1211101,133.00561220254997,12.186138688368146,13.519313,1.1354807688578596,0.7500515,AAA,12.576,12.326,12.224
608005603465364480,08480069+1218065,132.00285864827455,12.301773202828455,12.554532,2.4698644207416565,0.7986622,AAA,11.557,11.285,11.226
605018814489463680,08502111+1221117,132.5878740981118,12.353226591601274,10.199388,1.1682389040239518,1.3244886,AAA,8.52,7.978,7.819
605058465626467584,08541133+1225589,133.54692288620774,12.432994878953831,11.947672,8.450379138422658,1.3105421,AAA,10.33,9.771,9.677
605118595168646656,08522345+1230556,133.0978117342433,12.51538457289774,11.915535,1.0643158546533351,1.1585379,AAA,10.437,9.88,9.792
598642338537725184,08505428+1049004,132.72618156385676,10.816766678768492,13.360258,0.6856673952896113,0.772274,AAA,12.377,12.104,12.015
608033503573944704,08505732+1237201,132.73859196935717,12.622257941389218,9.5163,17.98963154245574,1.0195532,AAA,8.261,7.854,7.778
598858770529679616,08483588+1107245,132.1495293376657,11.123488509460095,12.518115,0.7006165002190687,1.1421375,AAA,11.047,10.514,10.431
598874502994504832,08500106+1111017,132.50440421962148,11.18376696450849,11.934748,1.2077596290210126,1.0967684,AAA,10.523,10.065,10.004
604683429082700032,08523529+1114131,133.14704267332317,11.237020512523408,12.387108,1.4316416779977994,0.6972828,AAA,11.515,11.26,11.219
598866535830540800,08484321+1114538,132.18009539677428,11.248259171867437,13.029944,1.4659378136713652,0.76312923,AAA,12.079,11.797,11.749
604640449345006592,08534915+1115373,133.4548195607927,11.26033439507619,13.031551,1.043319071659738,0.7364006,AAA,12.081,11.788,11.752
604696524438068864,08521195+1118157,133.0497525147313,11.304318908182266,13.353491,1.242577552731016,0.8062191,AAA,12.331,12.022,11.936
598871758510763264,08485814+1120165,132.24226047617273,11.337841673163268,13.884843,1.063575190023584,0.9139471,AAA,12.712,12.293,12.28
598918208581290368,08481310+1121317,132.05466372250936,11.358622937099812,9.147927,5.692095757831289,0.59423923,AAA,8.371,8.175,8.119
604689411972180480,08533287+1122175,133.38700529477103,11.371492916997834,13.4156275,1.686304815275777,0.86006546,AAA,12.339,12.02,11.968
598885979147130496,08511805+1126290,132.82514916621446,11.441373906810169,13.097951,1.181336820574772,0.7413931,AAA,12.167,11.883,11.842
598900139654610432,08501897+1127564,132.5790415407393,11.465674131597495,13.640699,1.272132023017775,0.75603867,AAA,12.698,12.422,12.345
604894127295608064,08511476+1130088,132.81169073789005,11.501618148672865,11.619803,7.081621493276169,1.0057106,AAA,10.354,9.94,9.842
598898387307969024,08494241+1130316,132.4267214815531,11.50874349480472,11.205496,1.8295574534992536,0.69620514,AAA,10.331,10.104,10.058
598904434621914496,08495254+1133065,132.46905751317462,11.551591960248452,12.129229,5.999810075232173,1.1080437,AAA,10.725,10.269,10.18
598949269784766848,08481502+1133538,132.06261643652212,11.564879404818845,12.947599,0.8775479268594915,1.08953,AAA,11.556,11.077,10.99
604708786569604480,08530471+1135054,133.2696351736048,11.584809114388742,13.3048115,1.0890544373994278,0.62727356,AAA,12.519,12.285,12.262
604908352225724288,08510082+1139375,132.7534068915958,11.660468148685055,12.456619,2.7116997054987886,0.86759377,AAA,11.381,11.068,11.004
598952121643047936,08484079+1140439,132.169903001353,11.678901708508782,13.557618,1.6518592592693393,0.85345745,AAA,12.475,12.148,12.119
604727409547154304,08544202+1141250,133.6751006285683,11.69027909399791,13.363029,0.2703224807044036,1.2356224,AAA,11.768,11.203,11.12
604904022898639232,08514465+1141510,132.93600366168363,11.697505091868935,13.069575,1.1554649742275136,0.7319746,AAA,12.12,11.887,11.802
604902682868787584,08523307+1145241,133.13778881672522,11.75668063861496,13.550175,1.1363185255240893,0.74014187,AAA,12.632,12.344,12.29
604911375882674176,08511682+1145416,132.82003534411135,11.761571302524906,13.967261,1.169714315062678,0.88873005,AAA,12.856,12.505,12.422
604916422468464768,08513123+1145505,132.8801036395372,11.764057641284063,12.476053,1.1496221428457618,0.75163937,AAA,11.515,11.224,11.184
598960058742607744,08491593+1146055,132.31637901521947,11.768190961420173,12.3931465,1.1559292718041014,0.8279314,AAA,11.331,11.04,10.988
604926288009182848,08524173+1147027,133.17385152171872,11.784023895685475,13.896236,1.0131768602501876,0.8966055,AAA,12.795,12.51,12.393
604917388836860544,08513244+1147523,132.88514110293403,11.79787151186476,12.479906,1.206115001249728,0.7909727,AAA,11.457,11.194,11.103
604920584292552832,08511164+1148505,132.79845931610862,11.814040886829336,13.630787,1.158334969025947,0.7623348,AAA,12.686,12.371,12.331
601970972551837184,08471354+1149029,131.80639185861062,11.817448372945888,13.342397,4.540718831078338,1.3563614,AAA,11.712,11.115,11.009
604917732434325248,08512296+1149131,132.8456268130823,11.820309197285225,13.152652,1.1856353394322168,0.6270447,AAA,12.365,12.155,12.076
604918076031622144,08513214+1150036,132.88390694834712,11.834331384283807,12.486162,1.0569172875527764,0.75955963,AAA,11.514,11.226,11.198
604965664269158656,08493465+1151256,132.3943557115092,11.857126084403252,9.094762,1.1511949907027392,1.483386,AAA,7.203,6.546,6.394
604928383953053568,08531807+1152136,133.32531723831715,11.870457714055206,13.45527,0.2386392840595752,1.2045965,AAA,11.919,11.375,11.289
604965526830195968,08495554+1153406,132.48146371165805,11.894616567057618,13.117982,2.9498209627328884,0.96395683,AAA,11.912,11.496,11.445
604922985178465152,08512940+1154138,132.87248424685583,11.90386630124216,12.686858,1.1048762648496964,0.7643986,AAA,11.726,11.496,11.382
604922920754523136,08513710+1154599,132.9045893217181,11.916652622822426,13.064538,1.1466871609564244,0.7538004,AAA,12.096,11.819,11.763
601980490199352576,08482113+1157459,132.08804321264697,11.962754498410844,13.467928,0.4406177486666728,0.21485901,AAA,13.174,13.1,13.083
604971196186944768,08511523+1158377,132.81347072544148,11.977067995175522,13.748714,1.1851746905056957,0.68804455,AAA,12.88,12.622,12.538
604924531366686080,08514278+1159309,132.92826067515676,11.991943436160176,13.897799,1.1708543283984352,0.78917503,AAA,12.887,12.569,12.504
604972330058312448,08510811+1201065,132.78376461217343,12.018469006546416,13.459555,1.1485641042661476,0.77516556,AAA,12.469,12.159,12.073
604984871362889728,08493956+1205067,132.4147573397475,12.085188077968729,13.788257,2.857659647956297,1.1694746,AAA,12.334,11.85,11.773
604950683423073024,08520253+1207046,133.0105715768792,12.117952563551611,10.794634,1.7064742290026107,0.6213474,AAA,9.997,9.795,9.748
604986172737115904,08493277+1208578,132.38650189416484,12.149367093697933,13.042724,1.4291662694499725,0.8413229,AAA,11.955,11.65,11.573
601986915471313024,08480748+1209332,132.03111513228495,12.159203518790743,12.237757,1.4340519263778808,0.69331264,AAA,11.339,11.108,11.065
604988582214601600,08501231+1209385,132.5512536159037,12.16065128738545,12.4769125,2.302820386435549,0.86307716,AAA,11.379,11.04,11.007
604942467149600128,08534224+1209581,133.4259377327523,12.166146647433374,11.951232,0.601099607702972,1.2374401,AAA,10.365,9.787,9.691
604954016317642368,08531904+1210024,133.3292472620603,12.167355102145518,13.65085,0.6392517852774933,0.6735563,AAA,12.798,12.589,12.515
604999096294439936,08514194+1212193,132.92480675153388,12.205267870474236,12.858583,2.2068638371055744,0.8891363,AAA,11.773,11.456,11.337
